[2026-02-08 12:37:15] Alii Autonomous System Agent starting...
[2026-02-08 12:37:15] System: CPU 0.0%, RAM 24.2%, Disk 77.3%
[2026-02-08 12:37:15] ============================================================
[2026-02-08 12:37:15] Starting optimization cycle
[2026-02-08 12:37:15] Starting codebase scan...
[2026-02-08 12:37:15] Found 70 files to analyze
[2026-02-08 12:37:15] Found 10 duplicate files
[2026-02-08 12:37:15] Found 7 backup files
[2026-02-08 12:37:16] Error: name 'optimizations' is not defined
[2026-02-08 12:38:16] System: CPU 1.1%, RAM 24.2%, Disk 77.3%
[2026-02-08 12:38:16] ============================================================
[2026-02-08 12:38:16] Starting optimization cycle
[2026-02-08 12:38:16] Starting codebase scan...
[2026-02-08 12:38:16] Found 71 files to analyze
[2026-02-08 12:38:16] Found 10 duplicate files
[2026-02-08 12:38:16] Found 7 backup files
[2026-02-08 12:38:16] Error: name 'optimizations' is not defined
[2026-02-08 12:39:16] System: CPU 1.1%, RAM 24.2%, Disk 77.3%
[2026-02-08 12:39:16] ============================================================
[2026-02-08 12:39:16] Starting optimization cycle
[2026-02-08 12:39:16] Starting codebase scan...
[2026-02-08 12:39:16] Found 71 files to analyze
[2026-02-08 12:39:16] Found 10 duplicate files
[2026-02-08 12:39:16] Found 7 backup files
[2026-02-08 12:39:16] Error: name 'optimizations' is not defined
[2026-02-08 12:40:16] System: CPU 1.0%, RAM 24.2%, Disk 77.3%
[2026-02-08 12:40:16] ============================================================
[2026-02-08 12:40:16] Starting optimization cycle
[2026-02-08 12:40:16] Starting codebase scan...
[2026-02-08 12:40:16] Found 71 files to analyze
[2026-02-08 12:40:16] Found 10 duplicate files
[2026-02-08 12:40:16] Found 7 backup files
[2026-02-08 12:40:16] Error: name 'optimizations' is not defined
[2026-02-08 12:41:16] System: CPU 1.1%, RAM 24.2%, Disk 77.3%
[2026-02-08 12:41:16] ============================================================
[2026-02-08 12:41:16] Starting optimization cycle
[2026-02-08 12:41:16] Starting codebase scan...
[2026-02-08 12:41:16] Found 71 files to analyze
[2026-02-08 12:41:16] Found 10 duplicate files
[2026-02-08 12:41:16] Found 7 backup files
[2026-02-08 12:41:16] Error: name 'optimizations' is not defined
[2026-02-08 12:42:16] System: CPU 1.3%, RAM 24.2%, Disk 77.3%
[2026-02-08 12:42:16] ============================================================
[2026-02-08 12:42:16] Starting optimization cycle
[2026-02-08 12:42:16] Starting codebase scan...
[2026-02-08 12:42:17] Found 71 files to analyze
[2026-02-08 12:42:17] Found 10 duplicate files
[2026-02-08 12:42:17] Found 7 backup files
[2026-02-08 12:42:17] Error: name 'optimizations' is not defined
[2026-02-08 12:43:17] System: CPU 1.1%, RAM 24.3%, Disk 77.3%
[2026-02-08 12:43:17] ============================================================
[2026-02-08 12:43:17] Starting optimization cycle
[2026-02-08 12:43:17] Starting codebase scan...
[2026-02-08 12:43:17] Found 71 files to analyze
[2026-02-08 12:43:17] Found 10 duplicate files
[2026-02-08 12:43:17] Found 7 backup files
[2026-02-08 12:43:17] Error: name 'optimizations' is not defined
[2026-02-08 12:44:17] System: CPU 1.1%, RAM 24.2%, Disk 77.3%
[2026-02-08 12:44:17] ============================================================
[2026-02-08 12:44:17] Starting optimization cycle
[2026-02-08 12:44:17] Starting codebase scan...
[2026-02-08 12:44:17] Found 71 files to analyze
[2026-02-08 12:44:17] Found 10 duplicate files
[2026-02-08 12:44:17] Found 7 backup files
[2026-02-08 12:44:17] Error: name 'optimizations' is not defined
[2026-02-08 12:45:17] System: CPU 1.1%, RAM 24.2%, Disk 77.3%
[2026-02-08 12:45:17] ============================================================
[2026-02-08 12:45:17] Starting optimization cycle
[2026-02-08 12:45:17] Starting codebase scan...
[2026-02-08 12:45:17] Found 71 files to analyze
[2026-02-08 12:45:17] Found 10 duplicate files
[2026-02-08 12:45:17] Found 7 backup files
[2026-02-08 12:45:17] Error: name 'optimizations' is not defined
[2026-02-08 12:46:17] System: CPU 1.0%, RAM 24.3%, Disk 77.3%
[2026-02-08 12:46:17] ============================================================
[2026-02-08 12:46:17] Starting optimization cycle
[2026-02-08 12:46:17] Starting codebase scan...
[2026-02-08 12:46:17] Found 72 files to analyze
[2026-02-08 12:46:17] Found 11 duplicate files
[2026-02-08 12:46:17] Found 7 backup files
[2026-02-08 12:46:17] Error: name 'optimizations' is not defined
[2026-02-08 12:47:17] System: CPU 1.2%, RAM 24.1%, Disk 77.3%
[2026-02-08 12:47:17] ============================================================
[2026-02-08 12:47:17] Starting optimization cycle
[2026-02-08 12:47:17] Starting codebase scan...
[2026-02-08 12:47:18] Found 72 files to analyze
[2026-02-08 12:47:18] Found 10 duplicate files
[2026-02-08 12:47:18] Found 7 backup files
[2026-02-08 12:47:18] Optimized: /home/avalii/moltbot/alii_protection_agent.py
[2026-02-08 12:47:18] Error: name 'optimizations' is not defined
[2026-02-08 12:48:18] System: CPU 1.0%, RAM 24.2%, Disk 77.3%
[2026-02-08 12:48:18] ============================================================
[2026-02-08 12:48:18] Starting optimization cycle
[2026-02-08 12:48:18] Starting codebase scan...
[2026-02-08 12:48:18] Found 72 files to analyze
[2026-02-08 12:48:18] Found 10 duplicate files
[2026-02-08 12:48:18] Found 7 backup files
[2026-02-08 12:48:18] Error: name 'optimizations' is not defined
[2026-02-08 12:49:18] System: CPU 1.2%, RAM 24.1%, Disk 77.4%
[2026-02-08 12:49:18] ============================================================
[2026-02-08 12:49:18] Starting optimization cycle
[2026-02-08 12:49:18] Starting codebase scan...
[2026-02-08 12:49:18] Found 73 files to analyze
[2026-02-08 12:49:18] Found 10 duplicate files
[2026-02-08 12:49:18] Found 7 backup files
[2026-02-08 12:49:18] Error: name 'optimizations' is not defined
[2026-02-08 12:50:18] System: CPU 1.0%, RAM 24.2%, Disk 77.4%
[2026-02-08 12:50:18] ============================================================
[2026-02-08 12:50:18] Starting optimization cycle
[2026-02-08 12:50:18] Starting codebase scan...
[2026-02-08 12:50:18] Found 73 files to analyze
[2026-02-08 12:50:18] Found 10 duplicate files
[2026-02-08 12:50:18] Found 7 backup files
[2026-02-08 12:50:18] Error: name 'optimizations' is not defined
[2026-02-08 12:51:18] System: CPU 1.2%, RAM 19.5%, Disk 77.4%
[2026-02-08 12:51:18] ============================================================
[2026-02-08 12:51:18] Starting optimization cycle
[2026-02-08 12:51:18] Starting codebase scan...
[2026-02-08 12:51:18] Found 73 files to analyze
[2026-02-08 12:51:18] Found 10 duplicate files
[2026-02-08 12:51:18] Found 7 backup files
[2026-02-08 12:51:19] Error: name 'optimizations' is not defined
[2026-02-08 12:52:19] System: CPU 1.1%, RAM 19.6%, Disk 77.4%
[2026-02-08 12:52:19] ============================================================
[2026-02-08 12:52:19] Starting optimization cycle
[2026-02-08 12:52:19] Starting codebase scan...
[2026-02-08 12:52:19] Found 73 files to analyze
[2026-02-08 12:52:19] Found 10 duplicate files
[2026-02-08 12:52:19] Found 7 backup files
[2026-02-08 12:52:19] Error: name 'optimizations' is not defined
[2026-02-08 12:53:19] System: CPU 1.1%, RAM 19.5%, Disk 77.4%
[2026-02-08 12:53:19] ============================================================
[2026-02-08 12:53:19] Starting optimization cycle
[2026-02-08 12:53:19] Starting codebase scan...
[2026-02-08 12:53:19] Found 73 files to analyze
[2026-02-08 12:53:19] Found 10 duplicate files
[2026-02-08 12:53:19] Found 7 backup files
[2026-02-08 12:53:19] Error: name 'optimizations' is not defined
[2026-02-08 12:54:19] System: CPU 1.1%, RAM 19.6%, Disk 77.4%
[2026-02-08 12:54:19] ============================================================
[2026-02-08 12:54:19] Starting optimization cycle
[2026-02-08 12:54:19] Starting codebase scan...
[2026-02-08 12:54:19] Found 73 files to analyze
[2026-02-08 12:54:19] Found 10 duplicate files
[2026-02-08 12:54:19] Found 7 backup files
[2026-02-08 12:54:19] Error: name 'optimizations' is not defined
[2026-02-08 12:55:19] System: CPU 1.0%, RAM 19.6%, Disk 77.4%
[2026-02-08 12:55:19] ============================================================
[2026-02-08 12:55:19] Starting optimization cycle
[2026-02-08 12:55:19] Starting codebase scan...
[2026-02-08 12:55:19] Found 73 files to analyze
[2026-02-08 12:55:19] Found 10 duplicate files
[2026-02-08 12:55:19] Found 7 backup files
[2026-02-08 12:55:19] Error: name 'optimizations' is not defined
[2026-02-08 12:56:19] System: CPU 1.1%, RAM 19.6%, Disk 77.4%
[2026-02-08 12:56:19] ============================================================
[2026-02-08 12:56:19] Starting optimization cycle
[2026-02-08 12:56:19] Starting codebase scan...
[2026-02-08 12:56:20] Found 73 files to analyze
[2026-02-08 12:56:20] Found 10 duplicate files
[2026-02-08 12:56:20] Found 7 backup files
[2026-02-08 12:56:20] Error: name 'optimizations' is not defined
[2026-02-08 12:57:20] System: CPU 1.3%, RAM 19.5%, Disk 77.4%
[2026-02-08 12:57:20] ============================================================
[2026-02-08 12:57:20] Starting optimization cycle
[2026-02-08 12:57:20] Starting codebase scan...
[2026-02-08 12:57:20] Found 73 files to analyze
[2026-02-08 12:57:20] Found 10 duplicate files
[2026-02-08 12:57:20] Found 7 backup files
[2026-02-08 12:57:20] Error: name 'optimizations' is not defined
[2026-02-08 12:58:20] System: CPU 1.1%, RAM 19.6%, Disk 77.4%
[2026-02-08 12:58:20] ============================================================
[2026-02-08 12:58:20] Starting optimization cycle
[2026-02-08 12:58:20] Starting codebase scan...
[2026-02-08 12:58:20] Found 73 files to analyze
[2026-02-08 12:58:20] Found 10 duplicate files
[2026-02-08 12:58:20] Found 7 backup files
[2026-02-08 12:58:20] Error: name 'optimizations' is not defined
[2026-02-08 12:59:20] System: CPU 1.0%, RAM 19.5%, Disk 77.4%
[2026-02-08 12:59:20] ============================================================
[2026-02-08 12:59:20] Starting optimization cycle
[2026-02-08 12:59:20] Starting codebase scan...
[2026-02-08 12:59:20] Found 73 files to analyze
[2026-02-08 12:59:20] Found 10 duplicate files
[2026-02-08 12:59:20] Found 7 backup files
[2026-02-08 12:59:20] Error: name 'optimizations' is not defined
[2026-02-08 13:00:20] System: CPU 1.2%, RAM 19.7%, Disk 77.4%
[2026-02-08 13:00:20] ============================================================
[2026-02-08 13:00:20] Starting optimization cycle
[2026-02-08 13:00:20] Starting codebase scan...
[2026-02-08 13:00:20] Found 73 files to analyze
[2026-02-08 13:00:20] Found 10 duplicate files
[2026-02-08 13:00:20] Found 7 backup files
[2026-02-08 13:00:20] Error: name 'optimizations' is not defined
[2026-02-08 13:01:20] System: CPU 1.0%, RAM 19.7%, Disk 77.4%
[2026-02-08 13:01:20] ============================================================
[2026-02-08 13:01:20] Starting optimization cycle
[2026-02-08 13:01:20] Starting codebase scan...
[2026-02-08 13:01:21] Found 73 files to analyze
[2026-02-08 13:01:21] Found 10 duplicate files
[2026-02-08 13:01:21] Found 7 backup files
[2026-02-08 13:01:21] Error: name 'optimizations' is not defined
[2026-02-08 13:02:21] System: CPU 1.1%, RAM 19.7%, Disk 77.4%
[2026-02-08 13:02:21] ============================================================
[2026-02-08 13:02:21] Starting optimization cycle
[2026-02-08 13:02:21] Starting codebase scan...
[2026-02-08 13:02:21] Found 73 files to analyze
[2026-02-08 13:02:21] Found 10 duplicate files
[2026-02-08 13:02:21] Found 7 backup files
[2026-02-08 13:02:21] Error: name 'optimizations' is not defined
[2026-02-08 13:03:21] System: CPU 0.9%, RAM 19.7%, Disk 77.4%
[2026-02-08 13:03:21] ============================================================
[2026-02-08 13:03:21] Starting optimization cycle
[2026-02-08 13:03:21] Starting codebase scan...
[2026-02-08 13:03:21] Found 73 files to analyze
[2026-02-08 13:03:21] Found 10 duplicate files
[2026-02-08 13:03:21] Found 7 backup files
[2026-02-08 13:03:21] Error: name 'optimizations' is not defined
[2026-02-08 13:04:21] System: CPU 1.1%, RAM 19.5%, Disk 77.4%
[2026-02-08 13:04:21] ============================================================
[2026-02-08 13:04:21] Starting optimization cycle
[2026-02-08 13:04:21] Starting codebase scan...
[2026-02-08 13:04:21] Found 73 files to analyze
[2026-02-08 13:04:21] Found 10 duplicate files
[2026-02-08 13:04:21] Found 7 backup files
[2026-02-08 13:04:21] Error: name 'optimizations' is not defined
[2026-02-08 13:05:21] System: CPU 1.0%, RAM 19.6%, Disk 77.4%
[2026-02-08 13:05:21] ============================================================
[2026-02-08 13:05:21] Starting optimization cycle
[2026-02-08 13:05:21] Starting codebase scan...
[2026-02-08 13:05:21] Found 73 files to analyze
[2026-02-08 13:05:21] Found 10 duplicate files
[2026-02-08 13:05:21] Found 7 backup files
[2026-02-08 13:05:22] Error: name 'optimizations' is not defined
[2026-02-08 13:06:22] System: CPU 1.2%, RAM 19.5%, Disk 77.4%
[2026-02-08 13:06:22] ============================================================
[2026-02-08 13:06:22] Starting optimization cycle
[2026-02-08 13:06:22] Starting codebase scan...
[2026-02-08 13:06:22] Found 73 files to analyze
[2026-02-08 13:06:22] Found 10 duplicate files
[2026-02-08 13:06:22] Found 7 backup files
[2026-02-08 13:06:22] Error: name 'optimizations' is not defined
[2026-02-08 13:07:22] System: CPU 1.0%, RAM 19.6%, Disk 77.4%
[2026-02-08 13:07:22] ============================================================
[2026-02-08 13:07:22] Starting optimization cycle
[2026-02-08 13:07:22] Starting codebase scan...
[2026-02-08 13:07:22] Found 73 files to analyze
[2026-02-08 13:07:22] Found 10 duplicate files
[2026-02-08 13:07:22] Found 7 backup files
[2026-02-08 13:07:22] Error: name 'optimizations' is not defined
[2026-02-08 13:08:22] System: CPU 1.1%, RAM 19.5%, Disk 77.4%
[2026-02-08 13:08:22] ============================================================
[2026-02-08 13:08:22] Starting optimization cycle
[2026-02-08 13:08:22] Starting codebase scan...
[2026-02-08 13:08:22] Found 73 files to analyze
[2026-02-08 13:08:22] Found 10 duplicate files
[2026-02-08 13:08:22] Found 7 backup files
[2026-02-08 13:08:22] Error: name 'optimizations' is not defined
[2026-02-08 13:09:22] System: CPU 1.0%, RAM 19.6%, Disk 77.4%
[2026-02-08 13:09:22] ============================================================
[2026-02-08 13:09:22] Starting optimization cycle
[2026-02-08 13:09:22] Starting codebase scan...
[2026-02-08 13:09:22] Found 73 files to analyze
[2026-02-08 13:09:22] Found 10 duplicate files
[2026-02-08 13:09:22] Found 7 backup files
[2026-02-08 13:09:22] Error: name 'optimizations' is not defined
[2026-02-08 13:10:22] System: CPU 1.1%, RAM 19.6%, Disk 77.4%
[2026-02-08 13:10:22] ============================================================
[2026-02-08 13:10:22] Starting optimization cycle
[2026-02-08 13:10:22] Starting codebase scan...
[2026-02-08 13:10:22] Found 73 files to analyze
[2026-02-08 13:10:22] Found 10 duplicate files
[2026-02-08 13:10:22] Found 7 backup files
[2026-02-08 13:10:23] Error: name 'optimizations' is not defined
[2026-02-08 13:11:23] System: CPU 1.0%, RAM 19.6%, Disk 77.4%
[2026-02-08 13:11:23] ============================================================
[2026-02-08 13:11:23] Starting optimization cycle
[2026-02-08 13:11:23] Starting codebase scan...
[2026-02-08 13:11:23] Found 73 files to analyze
[2026-02-08 13:11:23] Found 10 duplicate files
[2026-02-08 13:11:23] Found 7 backup files
[2026-02-08 13:11:23] Error: name 'optimizations' is not defined
[2026-02-08 13:12:23] System: CPU 1.4%, RAM 19.5%, Disk 77.4%
[2026-02-08 13:12:23] ============================================================
[2026-02-08 13:12:23] Starting optimization cycle
[2026-02-08 13:12:23] Starting codebase scan...
[2026-02-08 13:12:23] Found 73 files to analyze
[2026-02-08 13:12:23] Found 10 duplicate files
[2026-02-08 13:12:23] Found 7 backup files
[2026-02-08 13:12:23] Error: name 'optimizations' is not defined
[2026-02-08 13:13:23] System: CPU 1.0%, RAM 19.6%, Disk 77.4%
[2026-02-08 13:13:23] ============================================================
[2026-02-08 13:13:23] Starting optimization cycle
[2026-02-08 13:13:23] Starting codebase scan...
[2026-02-08 13:13:23] Found 73 files to analyze
[2026-02-08 13:13:23] Found 10 duplicate files
[2026-02-08 13:13:23] Found 7 backup files
[2026-02-08 13:13:23] Error: name 'optimizations' is not defined
[2026-02-08 13:14:23] System: CPU 1.0%, RAM 19.5%, Disk 77.4%
[2026-02-08 13:14:23] ============================================================
[2026-02-08 13:14:23] Starting optimization cycle
[2026-02-08 13:14:23] Starting codebase scan...
[2026-02-08 13:14:23] Found 73 files to analyze
[2026-02-08 13:14:23] Found 10 duplicate files
[2026-02-08 13:14:23] Found 7 backup files
[2026-02-08 13:14:23] Error: name 'optimizations' is not defined
[2026-02-08 13:15:23] System: CPU 1.1%, RAM 19.6%, Disk 77.4%
[2026-02-08 13:15:23] ============================================================
[2026-02-08 13:15:23] Starting optimization cycle
[2026-02-08 13:15:23] Starting codebase scan...
[2026-02-08 13:15:23] Found 73 files to analyze
[2026-02-08 13:15:23] Found 10 duplicate files
[2026-02-08 13:15:23] Found 7 backup files
[2026-02-08 13:15:24] Error: name 'optimizations' is not defined
[2026-02-08 13:16:24] System: CPU 1.0%, RAM 19.5%, Disk 77.4%
[2026-02-08 13:16:24] ============================================================
[2026-02-08 13:16:24] Starting optimization cycle
[2026-02-08 13:16:24] Starting codebase scan...
[2026-02-08 13:16:24] Found 73 files to analyze
[2026-02-08 13:16:24] Found 10 duplicate files
[2026-02-08 13:16:24] Found 7 backup files
[2026-02-08 13:16:24] Error: name 'optimizations' is not defined
[2026-02-08 13:17:24] System: CPU 1.1%, RAM 19.6%, Disk 77.4%
[2026-02-08 13:17:24] ============================================================
[2026-02-08 13:17:24] Starting optimization cycle
[2026-02-08 13:17:24] Starting codebase scan...
[2026-02-08 13:17:24] Found 73 files to analyze
[2026-02-08 13:17:24] Found 10 duplicate files
[2026-02-08 13:17:24] Found 7 backup files
[2026-02-08 13:17:24] Error: name 'optimizations' is not defined
[2026-02-08 13:18:24] System: CPU 1.0%, RAM 19.5%, Disk 77.4%
[2026-02-08 13:18:24] ============================================================
[2026-02-08 13:18:24] Starting optimization cycle
[2026-02-08 13:18:24] Starting codebase scan...
[2026-02-08 13:18:24] Found 73 files to analyze
[2026-02-08 13:18:24] Found 10 duplicate files
[2026-02-08 13:18:24] Found 7 backup files
[2026-02-08 13:18:24] Error: name 'optimizations' is not defined
[2026-02-08 13:19:24] System: CPU 1.1%, RAM 19.6%, Disk 77.4%
[2026-02-08 13:19:24] ============================================================
[2026-02-08 13:19:24] Starting optimization cycle
[2026-02-08 13:19:24] Starting codebase scan...
[2026-02-08 13:19:24] Found 73 files to analyze
[2026-02-08 13:19:24] Found 10 duplicate files
[2026-02-08 13:19:24] Found 7 backup files
[2026-02-08 13:19:24] Error: name 'optimizations' is not defined
[2026-02-08 13:20:24] System: CPU 1.0%, RAM 19.5%, Disk 77.4%
[2026-02-08 13:20:24] ============================================================
[2026-02-08 13:20:24] Starting optimization cycle
[2026-02-08 13:20:24] Starting codebase scan...
[2026-02-08 13:20:25] Found 73 files to analyze
[2026-02-08 13:20:25] Found 10 duplicate files
[2026-02-08 13:20:25] Found 7 backup files
[2026-02-08 13:20:25] Error: name 'optimizations' is not defined
[2026-02-08 13:21:25] System: CPU 1.2%, RAM 19.6%, Disk 77.4%
[2026-02-08 13:21:25] ============================================================
[2026-02-08 13:21:25] Starting optimization cycle
[2026-02-08 13:21:25] Starting codebase scan...
[2026-02-08 13:21:25] Found 73 files to analyze
[2026-02-08 13:21:25] Found 10 duplicate files
[2026-02-08 13:21:25] Found 7 backup files
[2026-02-08 13:21:25] Error: name 'optimizations' is not defined
[2026-02-08 13:22:25] System: CPU 0.9%, RAM 19.5%, Disk 77.4%
[2026-02-08 13:22:25] ============================================================
[2026-02-08 13:22:25] Starting optimization cycle
[2026-02-08 13:22:25] Starting codebase scan...
[2026-02-08 13:22:25] Found 73 files to analyze
[2026-02-08 13:22:25] Found 10 duplicate files
[2026-02-08 13:22:25] Found 7 backup files
[2026-02-08 13:22:25] Error: name 'optimizations' is not defined
[2026-02-08 13:23:25] System: CPU 1.2%, RAM 19.5%, Disk 77.4%
[2026-02-08 13:23:25] ============================================================
[2026-02-08 13:23:25] Starting optimization cycle
[2026-02-08 13:23:25] Starting codebase scan...
[2026-02-08 13:23:25] Found 73 files to analyze
[2026-02-08 13:23:25] Found 10 duplicate files
[2026-02-08 13:23:25] Found 7 backup files
[2026-02-08 13:23:25] Error: name 'optimizations' is not defined
[2026-02-08 13:24:25] System: CPU 0.9%, RAM 19.6%, Disk 77.4%
[2026-02-08 13:24:25] ============================================================
[2026-02-08 13:24:25] Starting optimization cycle
[2026-02-08 13:24:25] Starting codebase scan...
[2026-02-08 13:24:25] Found 73 files to analyze
[2026-02-08 13:24:25] Found 10 duplicate files
[2026-02-08 13:24:25] Found 7 backup files
[2026-02-08 13:24:26] Error: name 'optimizations' is not defined
[2026-02-08 13:25:26] System: CPU 1.1%, RAM 19.5%, Disk 77.4%
[2026-02-08 13:25:26] ============================================================
[2026-02-08 13:25:26] Starting optimization cycle
[2026-02-08 13:25:26] Starting codebase scan...
[2026-02-08 13:25:26] Found 73 files to analyze
[2026-02-08 13:25:26] Found 10 duplicate files
[2026-02-08 13:25:26] Found 7 backup files
[2026-02-08 13:25:26] Error: name 'optimizations' is not defined
[2026-02-08 13:26:26] System: CPU 1.1%, RAM 19.6%, Disk 77.4%
[2026-02-08 13:26:26] ============================================================
[2026-02-08 13:26:26] Starting optimization cycle
[2026-02-08 13:26:26] Starting codebase scan...
[2026-02-08 13:26:26] Found 73 files to analyze
[2026-02-08 13:26:26] Found 10 duplicate files
[2026-02-08 13:26:26] Found 7 backup files
[2026-02-08 13:26:26] Error: name 'optimizations' is not defined
[2026-02-08 13:27:26] System: CPU 1.4%, RAM 19.5%, Disk 77.4%
[2026-02-08 13:27:26] ============================================================
[2026-02-08 13:27:26] Starting optimization cycle
[2026-02-08 13:27:26] Starting codebase scan...
[2026-02-08 13:27:26] Found 73 files to analyze
[2026-02-08 13:27:26] Found 10 duplicate files
[2026-02-08 13:27:26] Found 7 backup files
[2026-02-08 13:27:26] Error: name 'optimizations' is not defined
[2026-02-08 13:28:26] System: CPU 1.0%, RAM 19.6%, Disk 77.4%
[2026-02-08 13:28:26] ============================================================
[2026-02-08 13:28:26] Starting optimization cycle
[2026-02-08 13:28:26] Starting codebase scan...
[2026-02-08 13:28:26] Found 73 files to analyze
[2026-02-08 13:28:26] Found 10 duplicate files
[2026-02-08 13:28:26] Found 7 backup files
[2026-02-08 13:28:26] Error: name 'optimizations' is not defined
[2026-02-08 13:29:26] System: CPU 1.1%, RAM 19.5%, Disk 77.4%
[2026-02-08 13:29:26] ============================================================
[2026-02-08 13:29:26] Starting optimization cycle
[2026-02-08 13:29:26] Starting codebase scan...
[2026-02-08 13:29:26] Found 73 files to analyze
[2026-02-08 13:29:26] Found 10 duplicate files
[2026-02-08 13:29:26] Found 7 backup files
[2026-02-08 13:29:27] Error: name 'optimizations' is not defined
[2026-02-08 13:30:27] System: CPU 1.1%, RAM 19.6%, Disk 77.4%
[2026-02-08 13:30:27] ============================================================
[2026-02-08 13:30:27] Starting optimization cycle
[2026-02-08 13:30:27] Starting codebase scan...
[2026-02-08 13:30:27] Found 73 files to analyze
[2026-02-08 13:30:27] Found 10 duplicate files
[2026-02-08 13:30:27] Found 7 backup files
[2026-02-08 13:30:27] Error: name 'optimizations' is not defined
[2026-02-08 13:31:27] System: CPU 1.1%, RAM 19.5%, Disk 77.4%
[2026-02-08 13:31:27] ============================================================
[2026-02-08 13:31:27] Starting optimization cycle
[2026-02-08 13:31:27] Starting codebase scan...
[2026-02-08 13:31:27] Found 73 files to analyze
[2026-02-08 13:31:27] Found 10 duplicate files
[2026-02-08 13:31:27] Found 7 backup files
[2026-02-08 13:31:27] Error: name 'optimizations' is not defined
[2026-02-08 13:32:27] System: CPU 1.1%, RAM 19.6%, Disk 77.4%
[2026-02-08 13:32:27] ============================================================
[2026-02-08 13:32:27] Starting optimization cycle
[2026-02-08 13:32:27] Starting codebase scan...
[2026-02-08 13:32:27] Found 73 files to analyze
[2026-02-08 13:32:27] Found 10 duplicate files
[2026-02-08 13:32:27] Found 7 backup files
[2026-02-08 13:32:27] Error: name 'optimizations' is not defined
[2026-02-08 13:33:27] System: CPU 1.0%, RAM 19.5%, Disk 77.4%
[2026-02-08 13:33:27] ============================================================
[2026-02-08 13:33:27] Starting optimization cycle
[2026-02-08 13:33:27] Starting codebase scan...
[2026-02-08 13:33:27] Found 73 files to analyze
[2026-02-08 13:33:27] Found 10 duplicate files
[2026-02-08 13:33:27] Found 7 backup files
[2026-02-08 13:33:27] Error: name 'optimizations' is not defined
[2026-02-08 13:34:27] System: CPU 1.1%, RAM 19.6%, Disk 77.4%
[2026-02-08 13:34:27] ============================================================
[2026-02-08 13:34:27] Starting optimization cycle
[2026-02-08 13:34:27] Starting codebase scan...
[2026-02-08 13:34:28] Found 73 files to analyze
[2026-02-08 13:34:28] Found 10 duplicate files
[2026-02-08 13:34:28] Found 7 backup files
[2026-02-08 13:34:28] Error: name 'optimizations' is not defined
[2026-02-08 13:35:28] System: CPU 1.0%, RAM 19.5%, Disk 77.4%
[2026-02-08 13:35:28] ============================================================
[2026-02-08 13:35:28] Starting optimization cycle
[2026-02-08 13:35:28] Starting codebase scan...
[2026-02-08 13:35:28] Found 73 files to analyze
[2026-02-08 13:35:28] Found 10 duplicate files
[2026-02-08 13:35:28] Found 7 backup files
[2026-02-08 13:35:28] Error: name 'optimizations' is not defined
[2026-02-08 13:36:28] System: CPU 1.2%, RAM 19.6%, Disk 77.4%
[2026-02-08 13:36:28] ============================================================
[2026-02-08 13:36:28] Starting optimization cycle
[2026-02-08 13:36:28] Starting codebase scan...
[2026-02-08 13:36:28] Found 73 files to analyze
[2026-02-08 13:36:28] Found 10 duplicate files
[2026-02-08 13:36:28] Found 7 backup files
[2026-02-08 13:36:28] Error: name 'optimizations' is not defined
[2026-02-08 13:37:28] System: CPU 1.0%, RAM 19.5%, Disk 77.4%
[2026-02-08 13:37:28] ============================================================
[2026-02-08 13:37:28] Starting optimization cycle
[2026-02-08 13:37:28] Starting codebase scan...
[2026-02-08 13:37:28] Found 73 files to analyze
[2026-02-08 13:37:28] Found 10 duplicate files
[2026-02-08 13:37:28] Found 7 backup files
[2026-02-08 13:37:28] Error: name 'optimizations' is not defined
[2026-02-08 13:38:28] System: CPU 1.1%, RAM 19.6%, Disk 77.4%
[2026-02-08 13:38:28] ============================================================
[2026-02-08 13:38:28] Starting optimization cycle
[2026-02-08 13:38:28] Starting codebase scan...
[2026-02-08 13:38:28] Found 73 files to analyze
[2026-02-08 13:38:28] Found 10 duplicate files
[2026-02-08 13:38:28] Found 7 backup files
[2026-02-08 13:38:28] Error: name 'optimizations' is not defined
[2026-02-08 13:39:28] System: CPU 1.0%, RAM 19.6%, Disk 77.4%
[2026-02-08 13:39:28] ============================================================
[2026-02-08 13:39:28] Starting optimization cycle
[2026-02-08 13:39:28] Starting codebase scan...
[2026-02-08 13:39:29] Found 73 files to analyze
[2026-02-08 13:39:29] Found 10 duplicate files
[2026-02-08 13:39:29] Found 7 backup files
[2026-02-08 13:39:29] Error: name 'optimizations' is not defined
[2026-02-08 13:40:29] System: CPU 1.1%, RAM 19.6%, Disk 77.4%
[2026-02-08 13:40:29] ============================================================
[2026-02-08 13:40:29] Starting optimization cycle
[2026-02-08 13:40:29] Starting codebase scan...
[2026-02-08 13:40:29] Found 73 files to analyze
[2026-02-08 13:40:29] Found 10 duplicate files
[2026-02-08 13:40:29] Found 7 backup files
[2026-02-08 13:40:29] Error: name 'optimizations' is not defined
[2026-02-08 13:41:29] System: CPU 5.2%, RAM 20.3%, Disk 79.0%
[2026-02-08 13:41:29] ============================================================
[2026-02-08 13:41:29] Starting optimization cycle
[2026-02-08 13:41:29] Starting codebase scan...
[2026-02-08 13:41:29] Found 73 files to analyze
[2026-02-08 13:41:29] Found 10 duplicate files
[2026-02-08 13:41:29] Found 7 backup files
[2026-02-08 13:41:29] Error: name 'optimizations' is not defined
[2026-02-08 13:42:29] System: CPU 8.1%, RAM 20.9%, Disk 81.2%
[2026-02-08 13:42:29] ============================================================
[2026-02-08 13:42:29] Starting optimization cycle
[2026-02-08 13:42:29] Starting codebase scan...
[2026-02-08 13:42:29] Found 73 files to analyze
[2026-02-08 13:42:29] Found 10 duplicate files
[2026-02-08 13:42:29] Found 7 backup files
[2026-02-08 13:42:29] Error: name 'optimizations' is not defined
[2026-02-08 13:43:29] System: CPU 7.7%, RAM 20.0%, Disk 83.5%
[2026-02-08 13:43:29] ============================================================
[2026-02-08 13:43:29] Starting optimization cycle
[2026-02-08 13:43:29] Starting codebase scan...
[2026-02-08 13:43:30] Found 73 files to analyze
[2026-02-08 13:43:30] Found 10 duplicate files
[2026-02-08 13:43:30] Found 7 backup files
[2026-02-08 13:43:30] Error: name 'optimizations' is not defined
[2026-02-08 13:44:30] System: CPU 6.7%, RAM 19.8%, Disk 85.5%
[2026-02-08 13:44:30] ============================================================
[2026-02-08 13:44:30] Starting optimization cycle
[2026-02-08 13:44:30] Starting codebase scan...
[2026-02-08 13:44:30] Found 73 files to analyze
[2026-02-08 13:44:30] Found 10 duplicate files
[2026-02-08 13:44:30] Found 7 backup files
[2026-02-08 13:44:30] Error: name 'optimizations' is not defined
[2026-02-08 13:45:30] System: CPU 1.1%, RAM 22.9%, Disk 85.5%
[2026-02-08 13:45:30] ============================================================
[2026-02-08 13:45:30] Starting optimization cycle
[2026-02-08 13:45:30] Starting codebase scan...
[2026-02-08 13:45:30] Found 73 files to analyze
[2026-02-08 13:45:30] Found 10 duplicate files
[2026-02-08 13:45:30] Found 7 backup files
[2026-02-08 13:45:30] Error: name 'optimizations' is not defined
[2026-02-08 13:46:31] System: CPU 4.1%, RAM 19.2%, Disk 85.5%
[2026-02-08 13:46:31] ============================================================
[2026-02-08 13:46:31] Starting optimization cycle
[2026-02-08 13:46:31] Starting codebase scan...
[2026-02-08 13:46:31] Found 73 files to analyze
[2026-02-08 13:46:31] Found 10 duplicate files
[2026-02-08 13:46:31] Found 7 backup files
[2026-02-08 13:46:31] Error: name 'optimizations' is not defined
[2026-02-08 13:47:31] System: CPU 1.2%, RAM 19.2%, Disk 85.5%
[2026-02-08 13:47:31] ============================================================
[2026-02-08 13:47:31] Starting optimization cycle
[2026-02-08 13:47:31] Starting codebase scan...
[2026-02-08 13:47:31] Found 73 files to analyze
[2026-02-08 13:47:31] Found 10 duplicate files
[2026-02-08 13:47:31] Found 7 backup files
[2026-02-08 13:47:31] Error: name 'optimizations' is not defined
[2026-02-08 13:48:31] System: CPU 1.0%, RAM 19.2%, Disk 85.5%
[2026-02-08 13:48:31] ============================================================
[2026-02-08 13:48:31] Starting optimization cycle
[2026-02-08 13:48:31] Starting codebase scan...
[2026-02-08 13:48:31] Found 73 files to analyze
[2026-02-08 13:48:31] Found 10 duplicate files
[2026-02-08 13:48:31] Found 7 backup files
[2026-02-08 13:48:31] Error: name 'optimizations' is not defined
[2026-02-08 13:49:31] System: CPU 1.2%, RAM 19.0%, Disk 85.5%
[2026-02-08 13:49:31] ============================================================
[2026-02-08 13:49:31] Starting optimization cycle
[2026-02-08 13:49:31] Starting codebase scan...
[2026-02-08 13:49:31] Found 73 files to analyze
[2026-02-08 13:49:31] Found 10 duplicate files
[2026-02-08 13:49:31] Found 7 backup files
[2026-02-08 13:49:31] Error: name 'optimizations' is not defined
[2026-02-08 13:50:31] System: CPU 19.3%, RAM 35.7%, Disk 85.5%
[2026-02-08 13:50:31] ============================================================
[2026-02-08 13:50:31] Starting optimization cycle
[2026-02-08 13:50:31] Starting codebase scan...
[2026-02-08 13:50:32] Found 73 files to analyze
[2026-02-08 13:50:32] Found 10 duplicate files
[2026-02-08 13:50:32] Found 7 backup files
[2026-02-08 13:50:32] Error: name 'optimizations' is not defined
[2026-02-08 13:51:32] System: CPU 51.1%, RAM 35.6%, Disk 85.5%
[2026-02-08 13:51:32] ============================================================
[2026-02-08 13:51:32] Starting optimization cycle
[2026-02-08 13:51:32] Starting codebase scan...
[2026-02-08 13:51:32] Found 73 files to analyze
[2026-02-08 13:51:32] Found 10 duplicate files
[2026-02-08 13:51:32] Found 7 backup files
[2026-02-08 13:51:32] Error: name 'optimizations' is not defined
[2026-02-08 13:52:32] System: CPU 8.9%, RAM 35.7%, Disk 85.5%
[2026-02-08 13:52:32] ============================================================
[2026-02-08 13:52:32] Starting optimization cycle
[2026-02-08 13:52:32] Starting codebase scan...
[2026-02-08 13:52:32] Found 73 files to analyze
[2026-02-08 13:52:32] Found 10 duplicate files
[2026-02-08 13:52:32] Found 7 backup files
[2026-02-08 13:52:32] Error: name 'optimizations' is not defined
[2026-02-08 13:53:32] System: CPU 1.1%, RAM 35.6%, Disk 85.5%
[2026-02-08 13:53:32] ============================================================
[2026-02-08 13:53:32] Starting optimization cycle
[2026-02-08 13:53:32] Starting codebase scan...
[2026-02-08 13:53:32] Found 73 files to analyze
[2026-02-08 13:53:32] Found 10 duplicate files
[2026-02-08 13:53:32] Found 7 backup files
[2026-02-08 13:53:32] Error: name 'optimizations' is not defined
[2026-02-08 13:54:32] System: CPU 1.1%, RAM 35.7%, Disk 85.5%
[2026-02-08 13:54:32] ============================================================
[2026-02-08 13:54:32] Starting optimization cycle
[2026-02-08 13:54:32] Starting codebase scan...
[2026-02-08 13:54:33] Found 73 files to analyze
[2026-02-08 13:54:33] Found 10 duplicate files
[2026-02-08 13:54:33] Found 7 backup files
[2026-02-08 13:54:33] Error: name 'optimizations' is not defined
[2026-02-08 13:55:33] System: CPU 1.0%, RAM 35.6%, Disk 85.5%
[2026-02-08 13:55:33] ============================================================
[2026-02-08 13:55:33] Starting optimization cycle
[2026-02-08 13:55:33] Starting codebase scan...
[2026-02-08 13:55:33] Found 73 files to analyze
[2026-02-08 13:55:33] Found 10 duplicate files
[2026-02-08 13:55:33] Found 7 backup files
[2026-02-08 13:55:33] Error: name 'optimizations' is not defined
[2026-02-08 13:56:33] System: CPU 1.1%, RAM 35.6%, Disk 85.5%
[2026-02-08 13:56:33] ============================================================
[2026-02-08 13:56:33] Starting optimization cycle
[2026-02-08 13:56:33] Starting codebase scan...
[2026-02-08 13:56:33] Found 73 files to analyze
[2026-02-08 13:56:33] Found 10 duplicate files
[2026-02-08 13:56:33] Found 7 backup files
[2026-02-08 13:56:33] Error: name 'optimizations' is not defined
[2026-02-08 13:57:33] System: CPU 1.3%, RAM 19.2%, Disk 85.5%
[2026-02-08 13:57:33] ============================================================
[2026-02-08 13:57:33] Starting optimization cycle
[2026-02-08 13:57:33] Starting codebase scan...
[2026-02-08 13:57:33] Found 73 files to analyze
[2026-02-08 13:57:33] Found 10 duplicate files
[2026-02-08 13:57:33] Found 7 backup files
[2026-02-08 13:57:33] Error: name 'optimizations' is not defined
[2026-02-08 13:58:33] System: CPU 1.1%, RAM 19.2%, Disk 85.5%
[2026-02-08 13:58:33] ============================================================
[2026-02-08 13:58:33] Starting optimization cycle
[2026-02-08 13:58:33] Starting codebase scan...
[2026-02-08 13:58:33] Found 73 files to analyze
[2026-02-08 13:58:33] Found 10 duplicate files
[2026-02-08 13:58:33] Found 7 backup files
[2026-02-08 13:58:34] Error: name 'optimizations' is not defined
[2026-02-08 13:59:34] System: CPU 1.0%, RAM 19.1%, Disk 85.5%
[2026-02-08 13:59:34] ============================================================
[2026-02-08 13:59:34] Starting optimization cycle
[2026-02-08 13:59:34] Starting codebase scan...
[2026-02-08 13:59:34] Found 73 files to analyze
[2026-02-08 13:59:34] Found 10 duplicate files
[2026-02-08 13:59:34] Found 7 backup files
[2026-02-08 13:59:34] Error: name 'optimizations' is not defined
[2026-02-08 14:00:34] System: CPU 13.4%, RAM 35.8%, Disk 85.5%
[2026-02-08 14:00:34] ============================================================
[2026-02-08 14:00:34] Starting optimization cycle
[2026-02-08 14:00:34] Starting codebase scan...
[2026-02-08 14:00:34] Found 73 files to analyze
[2026-02-08 14:00:34] Found 10 duplicate files
[2026-02-08 14:00:34] Found 7 backup files
[2026-02-08 14:00:34] Error: name 'optimizations' is not defined
[2026-02-08 14:01:34] System: CPU 28.0%, RAM 35.7%, Disk 85.5%
[2026-02-08 14:01:34] ============================================================
[2026-02-08 14:01:34] Starting optimization cycle
[2026-02-08 14:01:34] Starting codebase scan...
[2026-02-08 14:01:34] Found 73 files to analyze
[2026-02-08 14:01:34] Found 10 duplicate files
[2026-02-08 14:01:34] Found 7 backup files
[2026-02-08 14:01:34] Error: name 'optimizations' is not defined
[2026-02-08 14:02:34] System: CPU 1.2%, RAM 35.5%, Disk 85.5%
[2026-02-08 14:02:34] ============================================================
[2026-02-08 14:02:34] Starting optimization cycle
[2026-02-08 14:02:34] Starting codebase scan...
[2026-02-08 14:02:34] Found 73 files to analyze
[2026-02-08 14:02:34] Found 10 duplicate files
[2026-02-08 14:02:34] Found 7 backup files
[2026-02-08 14:02:35] Error: name 'optimizations' is not defined
[2026-02-08 14:03:35] System: CPU 1.0%, RAM 35.7%, Disk 85.5%
[2026-02-08 14:03:35] ============================================================
[2026-02-08 14:03:35] Starting optimization cycle
[2026-02-08 14:03:35] Starting codebase scan...
[2026-02-08 14:03:35] Found 73 files to analyze
[2026-02-08 14:03:35] Found 10 duplicate files
[2026-02-08 14:03:35] Found 7 backup files
[2026-02-08 14:03:35] Error: name 'optimizations' is not defined
[2026-02-08 14:04:35] System: CPU 1.2%, RAM 35.5%, Disk 85.5%
[2026-02-08 14:04:35] ============================================================
[2026-02-08 14:04:35] Starting optimization cycle
[2026-02-08 14:04:35] Starting codebase scan...
[2026-02-08 14:04:35] Found 73 files to analyze
[2026-02-08 14:04:35] Found 10 duplicate files
[2026-02-08 14:04:35] Found 7 backup files
[2026-02-08 14:04:35] Error: name 'optimizations' is not defined
[2026-02-08 14:05:35] System: CPU 1.1%, RAM 35.6%, Disk 85.5%
[2026-02-08 14:05:35] ============================================================
[2026-02-08 14:05:35] Starting optimization cycle
[2026-02-08 14:05:35] Starting codebase scan...
[2026-02-08 14:05:35] Found 73 files to analyze
[2026-02-08 14:05:35] Found 10 duplicate files
[2026-02-08 14:05:35] Found 7 backup files
[2026-02-08 14:05:35] Error: name 'optimizations' is not defined
[2026-02-08 14:06:35] System: CPU 1.2%, RAM 19.0%, Disk 85.5%
[2026-02-08 14:06:35] ============================================================
[2026-02-08 14:06:35] Starting optimization cycle
[2026-02-08 14:06:35] Starting codebase scan...
[2026-02-08 14:06:35] Found 73 files to analyze
[2026-02-08 14:06:35] Found 10 duplicate files
[2026-02-08 14:06:35] Found 7 backup files
[2026-02-08 14:06:35] Error: name 'optimizations' is not defined
[2026-02-08 14:07:35] System: CPU 1.1%, RAM 19.2%, Disk 85.5%
[2026-02-08 14:07:35] ============================================================
[2026-02-08 14:07:35] Starting optimization cycle
[2026-02-08 14:07:35] Starting codebase scan...
[2026-02-08 14:07:35] Found 73 files to analyze
[2026-02-08 14:07:35] Found 10 duplicate files
[2026-02-08 14:07:35] Found 7 backup files
[2026-02-08 14:07:36] Error: name 'optimizations' is not defined
[2026-02-08 14:08:36] System: CPU 1.1%, RAM 19.1%, Disk 85.5%
[2026-02-08 14:08:36] ============================================================
[2026-02-08 14:08:36] Starting optimization cycle
[2026-02-08 14:08:36] Starting codebase scan...
[2026-02-08 14:08:36] Found 73 files to analyze
[2026-02-08 14:08:36] Found 10 duplicate files
[2026-02-08 14:08:36] Found 7 backup files
[2026-02-08 14:08:36] Error: name 'optimizations' is not defined
[2026-02-08 14:09:36] System: CPU 1.5%, RAM 33.5%, Disk 85.5%
[2026-02-08 14:09:36] ============================================================
[2026-02-08 14:09:36] Starting optimization cycle
[2026-02-08 14:09:36] Starting codebase scan...
[2026-02-08 14:09:36] Found 73 files to analyze
[2026-02-08 14:09:36] Found 10 duplicate files
[2026-02-08 14:09:36] Found 7 backup files
[2026-02-08 14:09:36] Error: name 'optimizations' is not defined
[2026-02-08 14:10:36] System: CPU 50.8%, RAM 35.7%, Disk 85.5%
[2026-02-08 14:10:36] ============================================================
[2026-02-08 14:10:36] Starting optimization cycle
[2026-02-08 14:10:36] Starting codebase scan...
[2026-02-08 14:10:36] Found 73 files to analyze
[2026-02-08 14:10:36] Found 10 duplicate files
[2026-02-08 14:10:36] Found 7 backup files
[2026-02-08 14:10:36] Error: name 'optimizations' is not defined
[2026-02-08 14:11:36] System: CPU 22.7%, RAM 35.8%, Disk 85.5%
[2026-02-08 14:11:36] ============================================================
[2026-02-08 14:11:36] Starting optimization cycle
[2026-02-08 14:11:36] Starting codebase scan...
[2026-02-08 14:11:36] Found 73 files to analyze
[2026-02-08 14:11:36] Found 10 duplicate files
[2026-02-08 14:11:36] Found 7 backup files
[2026-02-08 14:11:37] Error: name 'optimizations' is not defined
[2026-02-08 14:12:37] System: CPU 36.4%, RAM 35.7%, Disk 85.5%
[2026-02-08 14:12:37] ============================================================
[2026-02-08 14:12:37] Starting optimization cycle
[2026-02-08 14:12:37] Starting codebase scan...
[2026-02-08 14:12:37] Found 73 files to analyze
[2026-02-08 14:12:37] Found 10 duplicate files
[2026-02-08 14:12:37] Found 7 backup files
[2026-02-08 14:12:37] Error: name 'optimizations' is not defined
[2026-02-08 14:13:37] System: CPU 51.2%, RAM 35.7%, Disk 85.5%
[2026-02-08 14:13:37] ============================================================
[2026-02-08 14:13:37] Starting optimization cycle
[2026-02-08 14:13:37] Starting codebase scan...
[2026-02-08 14:13:37] Found 73 files to analyze
[2026-02-08 14:13:37] Found 10 duplicate files
[2026-02-08 14:13:37] Found 7 backup files
[2026-02-08 14:13:37] Error: name 'optimizations' is not defined
[2026-02-08 14:14:37] System: CPU 38.6%, RAM 35.7%, Disk 85.5%
[2026-02-08 14:14:37] ============================================================
[2026-02-08 14:14:37] Starting optimization cycle
[2026-02-08 14:14:37] Starting codebase scan...
[2026-02-08 14:14:37] Found 73 files to analyze
[2026-02-08 14:14:37] Found 10 duplicate files
[2026-02-08 14:14:37] Found 7 backup files
[2026-02-08 14:14:37] Error: name 'optimizations' is not defined
[2026-02-08 14:15:37] System: CPU 1.2%, RAM 35.7%, Disk 85.5%
[2026-02-08 14:15:37] ============================================================
[2026-02-08 14:15:37] Starting optimization cycle
[2026-02-08 14:15:37] Starting codebase scan...
[2026-02-08 14:15:37] Found 73 files to analyze
[2026-02-08 14:15:37] Found 10 duplicate files
[2026-02-08 14:15:37] Found 7 backup files
[2026-02-08 14:15:38] Error: name 'optimizations' is not defined
[2026-02-08 14:16:38] System: CPU 6.0%, RAM 35.8%, Disk 85.5%
[2026-02-08 14:16:38] ============================================================
[2026-02-08 14:16:38] Starting optimization cycle
[2026-02-08 14:16:38] Starting codebase scan...
[2026-02-08 14:16:38] Found 73 files to analyze
[2026-02-08 14:16:38] Found 10 duplicate files
[2026-02-08 14:16:38] Found 7 backup files
[2026-02-08 14:16:38] Error: name 'optimizations' is not defined
[2026-02-08 14:17:38] System: CPU 51.2%, RAM 35.7%, Disk 85.5%
[2026-02-08 14:17:38] ============================================================
[2026-02-08 14:17:38] Starting optimization cycle
[2026-02-08 14:17:38] Starting codebase scan...
[2026-02-08 14:17:38] Found 73 files to analyze
[2026-02-08 14:17:38] Found 10 duplicate files
[2026-02-08 14:17:38] Found 7 backup files
[2026-02-08 14:17:38] Error: name 'optimizations' is not defined
[2026-02-08 14:18:38] System: CPU 42.2%, RAM 35.7%, Disk 85.5%
[2026-02-08 14:18:38] ============================================================
[2026-02-08 14:18:38] Starting optimization cycle
[2026-02-08 14:18:38] Starting codebase scan...
[2026-02-08 14:18:38] Found 73 files to analyze
[2026-02-08 14:18:38] Found 10 duplicate files
[2026-02-08 14:18:38] Found 7 backup files
[2026-02-08 14:18:38] Error: name 'optimizations' is not defined
[2026-02-08 14:19:38] System: CPU 1.2%, RAM 35.5%, Disk 85.5%
[2026-02-08 14:19:38] ============================================================
[2026-02-08 14:19:38] Starting optimization cycle
[2026-02-08 14:19:38] Starting codebase scan...
[2026-02-08 14:19:38] Found 73 files to analyze
[2026-02-08 14:19:38] Found 10 duplicate files
[2026-02-08 14:19:38] Found 7 backup files
[2026-02-08 14:19:39] Error: name 'optimizations' is not defined
[2026-02-08 14:20:39] System: CPU 1.0%, RAM 35.7%, Disk 85.5%
[2026-02-08 14:20:39] ============================================================
[2026-02-08 14:20:39] Starting optimization cycle
[2026-02-08 14:20:39] Starting codebase scan...
[2026-02-08 14:20:39] Found 73 files to analyze
[2026-02-08 14:20:39] Found 10 duplicate files
[2026-02-08 14:20:39] Found 7 backup files
[2026-02-08 14:20:39] Error: name 'optimizations' is not defined
[2026-02-08 14:21:39] System: CPU 1.1%, RAM 35.5%, Disk 85.5%
[2026-02-08 14:21:39] ============================================================
[2026-02-08 14:21:39] Starting optimization cycle
[2026-02-08 14:21:39] Starting codebase scan...
[2026-02-08 14:21:39] Found 73 files to analyze
[2026-02-08 14:21:39] Found 10 duplicate files
[2026-02-08 14:21:39] Found 7 backup files
[2026-02-08 14:21:39] Error: name 'optimizations' is not defined
[2026-02-08 14:22:39] System: CPU 1.1%, RAM 35.6%, Disk 85.5%
[2026-02-08 14:22:39] ============================================================
[2026-02-08 14:22:39] Starting optimization cycle
[2026-02-08 14:22:39] Starting codebase scan...
[2026-02-08 14:22:39] Found 73 files to analyze
[2026-02-08 14:22:39] Found 10 duplicate files
[2026-02-08 14:22:39] Found 7 backup files
[2026-02-08 14:22:39] Error: name 'optimizations' is not defined
[2026-02-08 14:23:39] System: CPU 1.2%, RAM 19.1%, Disk 85.5%
[2026-02-08 14:23:39] ============================================================
[2026-02-08 14:23:39] Starting optimization cycle
[2026-02-08 14:23:39] Starting codebase scan...
[2026-02-08 14:23:39] Found 73 files to analyze
[2026-02-08 14:23:39] Found 10 duplicate files
[2026-02-08 14:23:39] Found 7 backup files
[2026-02-08 14:23:39] Error: name 'optimizations' is not defined
[2026-02-08 14:24:39] System: CPU 1.0%, RAM 19.2%, Disk 85.5%
[2026-02-08 14:24:39] ============================================================
[2026-02-08 14:24:39] Starting optimization cycle
[2026-02-08 14:24:39] Starting codebase scan...
[2026-02-08 14:24:40] Found 73 files to analyze
[2026-02-08 14:24:40] Found 10 duplicate files
[2026-02-08 14:24:40] Found 7 backup files
[2026-02-08 14:24:40] Error: name 'optimizations' is not defined
[2026-02-08 14:25:40] System: CPU 1.1%, RAM 19.1%, Disk 85.5%
[2026-02-08 14:25:40] ============================================================
[2026-02-08 14:25:40] Starting optimization cycle
[2026-02-08 14:25:40] Starting codebase scan...
[2026-02-08 14:25:40] Found 73 files to analyze
[2026-02-08 14:25:40] Found 10 duplicate files
[2026-02-08 14:25:40] Found 7 backup files
[2026-02-08 14:25:40] Error: name 'optimizations' is not defined
[2026-02-08 14:26:40] System: CPU 1.1%, RAM 19.2%, Disk 85.5%
[2026-02-08 14:26:40] ============================================================
[2026-02-08 14:26:40] Starting optimization cycle
[2026-02-08 14:26:40] Starting codebase scan...
[2026-02-08 14:26:40] Found 73 files to analyze
[2026-02-08 14:26:40] Found 10 duplicate files
[2026-02-08 14:26:40] Found 7 backup files
[2026-02-08 14:26:40] Error: name 'optimizations' is not defined
[2026-02-08 14:27:40] System: CPU 1.3%, RAM 19.1%, Disk 85.5%
[2026-02-08 14:27:40] ============================================================
[2026-02-08 14:27:40] Starting optimization cycle
[2026-02-08 14:27:40] Starting codebase scan...
[2026-02-08 14:27:40] Found 73 files to analyze
[2026-02-08 14:27:40] Found 10 duplicate files
[2026-02-08 14:27:40] Found 7 backup files
[2026-02-08 14:27:40] Error: name 'optimizations' is not defined
[2026-02-08 14:28:40] System: CPU 1.1%, RAM 19.2%, Disk 85.5%
[2026-02-08 14:28:40] ============================================================
[2026-02-08 14:28:40] Starting optimization cycle
[2026-02-08 14:28:40] Starting codebase scan...
[2026-02-08 14:28:40] Found 73 files to analyze
[2026-02-08 14:28:40] Found 10 duplicate files
[2026-02-08 14:28:40] Found 7 backup files
[2026-02-08 14:28:40] Error: name 'optimizations' is not defined
[2026-02-08 14:29:40] System: CPU 36.6%, RAM 35.7%, Disk 85.5%
[2026-02-08 14:29:40] ============================================================
[2026-02-08 14:29:40] Starting optimization cycle
[2026-02-08 14:29:40] Starting codebase scan...
[2026-02-08 14:29:41] Found 73 files to analyze
[2026-02-08 14:29:41] Found 10 duplicate files
[2026-02-08 14:29:41] Found 7 backup files
[2026-02-08 14:29:41] Error: name 'optimizations' is not defined
[2026-02-08 14:30:41] System: CPU 51.2%, RAM 35.8%, Disk 85.5%
[2026-02-08 14:30:41] ============================================================
[2026-02-08 14:30:41] Starting optimization cycle
[2026-02-08 14:30:41] Starting codebase scan...
[2026-02-08 14:30:41] Found 73 files to analyze
[2026-02-08 14:30:41] Found 10 duplicate files
[2026-02-08 14:30:41] Found 7 backup files
[2026-02-08 14:30:41] Error: name 'optimizations' is not defined
[2026-02-08 14:31:41] System: CPU 26.5%, RAM 35.7%, Disk 85.5%
[2026-02-08 14:31:41] ============================================================
[2026-02-08 14:31:41] Starting optimization cycle
[2026-02-08 14:31:41] Starting codebase scan...
[2026-02-08 14:31:41] Found 73 files to analyze
[2026-02-08 14:31:41] Found 10 duplicate files
[2026-02-08 14:31:41] Found 7 backup files
[2026-02-08 14:31:41] Error: name 'optimizations' is not defined
[2026-02-08 14:32:41] System: CPU 1.1%, RAM 35.6%, Disk 85.4%
[2026-02-08 14:32:41] ============================================================
[2026-02-08 14:32:41] Starting optimization cycle
[2026-02-08 14:32:41] Starting codebase scan...
[2026-02-08 14:32:41] Found 73 files to analyze
[2026-02-08 14:32:41] Found 10 duplicate files
[2026-02-08 14:32:41] Found 7 backup files
[2026-02-08 14:32:42] Error: name 'optimizations' is not defined
[2026-02-08 14:33:42] System: CPU 1.0%, RAM 35.6%, Disk 85.4%
[2026-02-08 14:33:42] ============================================================
[2026-02-08 14:33:42] Starting optimization cycle
[2026-02-08 14:33:42] Starting codebase scan...
[2026-02-08 14:33:42] Found 73 files to analyze
[2026-02-08 14:33:42] Found 10 duplicate files
[2026-02-08 14:33:42] Found 7 backup files
[2026-02-08 14:33:42] Error: name 'optimizations' is not defined
[2026-02-08 14:34:42] System: CPU 10.7%, RAM 35.6%, Disk 85.4%
[2026-02-08 14:34:42] ============================================================
[2026-02-08 14:34:42] Starting optimization cycle
[2026-02-08 14:34:42] Starting codebase scan...
[2026-02-08 14:34:42] Found 73 files to analyze
[2026-02-08 14:34:42] Found 10 duplicate files
[2026-02-08 14:34:42] Found 7 backup files
[2026-02-08 14:34:42] Error: name 'optimizations' is not defined
[2026-02-08 14:35:42] System: CPU 51.1%, RAM 35.8%, Disk 85.4%
[2026-02-08 14:35:42] ============================================================
[2026-02-08 14:35:42] Starting optimization cycle
[2026-02-08 14:35:42] Starting codebase scan...
[2026-02-08 14:35:42] Found 73 files to analyze
[2026-02-08 14:35:42] Found 10 duplicate files
[2026-02-08 14:35:42] Found 7 backup files
[2026-02-08 14:35:42] Error: name 'optimizations' is not defined
[2026-02-08 14:36:42] System: CPU 24.4%, RAM 35.6%, Disk 85.4%
[2026-02-08 14:36:42] ============================================================
[2026-02-08 14:36:42] Starting optimization cycle
[2026-02-08 14:36:42] Starting codebase scan...
[2026-02-08 14:36:42] Found 73 files to analyze
[2026-02-08 14:36:42] Found 10 duplicate files
[2026-02-08 14:36:42] Found 7 backup files
[2026-02-08 14:36:43] Error: name 'optimizations' is not defined
[2026-02-08 14:37:43] System: CPU 16.2%, RAM 35.8%, Disk 85.4%
[2026-02-08 14:37:43] ============================================================
[2026-02-08 14:37:43] Starting optimization cycle
[2026-02-08 14:37:43] Starting codebase scan...
[2026-02-08 14:37:43] Found 73 files to analyze
[2026-02-08 14:37:43] Found 10 duplicate files
[2026-02-08 14:37:43] Found 7 backup files
[2026-02-08 14:37:43] Error: name 'optimizations' is not defined
[2026-02-08 14:38:43] System: CPU 32.5%, RAM 35.7%, Disk 85.4%
[2026-02-08 14:38:43] ============================================================
[2026-02-08 14:38:43] Starting optimization cycle
[2026-02-08 14:38:43] Starting codebase scan...
[2026-02-08 14:38:43] Found 73 files to analyze
[2026-02-08 14:38:43] Found 10 duplicate files
[2026-02-08 14:38:43] Found 7 backup files
[2026-02-08 14:38:43] Error: name 'optimizations' is not defined
[2026-02-08 14:39:43] System: CPU 12.6%, RAM 35.8%, Disk 85.4%
[2026-02-08 14:39:43] ============================================================
[2026-02-08 14:39:43] Starting optimization cycle
[2026-02-08 14:39:43] Starting codebase scan...
[2026-02-08 14:39:43] Found 73 files to analyze
[2026-02-08 14:39:43] Found 10 duplicate files
[2026-02-08 14:39:43] Found 7 backup files
[2026-02-08 14:39:43] Error: name 'optimizations' is not defined
[2026-02-08 14:40:43] System: CPU 26.1%, RAM 35.6%, Disk 85.4%
[2026-02-08 14:40:43] ============================================================
[2026-02-08 14:40:43] Starting optimization cycle
[2026-02-08 14:40:43] Starting codebase scan...
[2026-02-08 14:40:44] Found 73 files to analyze
[2026-02-08 14:40:44] Found 10 duplicate files
[2026-02-08 14:40:44] Found 7 backup files
[2026-02-08 14:40:44] Error: name 'optimizations' is not defined
[2026-02-08 14:41:44] System: CPU 1.1%, RAM 35.7%, Disk 85.4%
[2026-02-08 14:41:44] ============================================================
[2026-02-08 14:41:44] Starting optimization cycle
[2026-02-08 14:41:44] Starting codebase scan...
[2026-02-08 14:41:44] Found 73 files to analyze
[2026-02-08 14:41:44] Found 10 duplicate files
[2026-02-08 14:41:44] Found 7 backup files
[2026-02-08 14:41:44] Error: name 'optimizations' is not defined
[2026-02-08 14:42:44] System: CPU 1.3%, RAM 35.6%, Disk 85.4%
[2026-02-08 14:42:44] ============================================================
[2026-02-08 14:42:44] Starting optimization cycle
[2026-02-08 14:42:44] Starting codebase scan...
[2026-02-08 14:42:44] Found 73 files to analyze
[2026-02-08 14:42:44] Found 10 duplicate files
[2026-02-08 14:42:44] Found 7 backup files
[2026-02-08 14:42:44] Error: name 'optimizations' is not defined
[2026-02-08 14:43:44] System: CPU 1.1%, RAM 35.7%, Disk 85.4%
[2026-02-08 14:43:44] ============================================================
[2026-02-08 14:43:44] Starting optimization cycle
[2026-02-08 14:43:44] Starting codebase scan...
[2026-02-08 14:43:44] Found 73 files to analyze
[2026-02-08 14:43:44] Found 10 duplicate files
[2026-02-08 14:43:44] Found 7 backup files
[2026-02-08 14:43:44] Error: name 'optimizations' is not defined
[2026-02-08 14:44:44] System: CPU 1.0%, RAM 35.6%, Disk 85.4%
[2026-02-08 14:44:44] ============================================================
[2026-02-08 14:44:44] Starting optimization cycle
[2026-02-08 14:44:44] Starting codebase scan...
[2026-02-08 14:44:44] Found 73 files to analyze
[2026-02-08 14:44:44] Found 10 duplicate files
[2026-02-08 14:44:44] Found 7 backup files
[2026-02-08 14:44:44] Error: name 'optimizations' is not defined
[2026-02-08 14:45:44] System: CPU 1.1%, RAM 19.3%, Disk 85.4%
[2026-02-08 14:45:44] ============================================================
[2026-02-08 14:45:44] Starting optimization cycle
[2026-02-08 14:45:44] Starting codebase scan...
[2026-02-08 14:45:45] Found 73 files to analyze
[2026-02-08 14:45:45] Found 10 duplicate files
[2026-02-08 14:45:45] Found 7 backup files
[2026-02-08 14:45:45] Error: name 'optimizations' is not defined
[2026-02-08 14:46:45] System: CPU 1.0%, RAM 19.1%, Disk 85.4%
[2026-02-08 14:46:45] ============================================================
[2026-02-08 14:46:45] Starting optimization cycle
[2026-02-08 14:46:45] Starting codebase scan...
[2026-02-08 14:46:45] Found 73 files to analyze
[2026-02-08 14:46:45] Found 10 duplicate files
[2026-02-08 14:46:45] Found 7 backup files
[2026-02-08 14:46:45] Error: name 'optimizations' is not defined
[2026-02-08 14:47:45] System: CPU 1.1%, RAM 19.2%, Disk 85.4%
[2026-02-08 14:47:45] ============================================================
[2026-02-08 14:47:45] Starting optimization cycle
[2026-02-08 14:47:45] Starting codebase scan...
[2026-02-08 14:47:45] Found 73 files to analyze
[2026-02-08 14:47:45] Found 10 duplicate files
[2026-02-08 14:47:45] Found 7 backup files
[2026-02-08 14:47:45] Error: name 'optimizations' is not defined
[2026-02-08 14:48:45] System: CPU 1.0%, RAM 19.3%, Disk 85.4%
[2026-02-08 14:48:45] ============================================================
[2026-02-08 14:48:45] Starting optimization cycle
[2026-02-08 14:48:45] Starting codebase scan...
[2026-02-08 14:48:45] Found 73 files to analyze
[2026-02-08 14:48:45] Found 10 duplicate files
[2026-02-08 14:48:45] Found 7 backup files
[2026-02-08 14:48:45] Error: name 'optimizations' is not defined
[2026-02-08 14:49:45] System: CPU 36.1%, RAM 35.7%, Disk 85.4%
[2026-02-08 14:49:45] ============================================================
[2026-02-08 14:49:45] Starting optimization cycle
[2026-02-08 14:49:45] Starting codebase scan...
[2026-02-08 14:49:45] Found 73 files to analyze
[2026-02-08 14:49:45] Found 10 duplicate files
[2026-02-08 14:49:45] Found 7 backup files
[2026-02-08 14:49:46] Error: name 'optimizations' is not defined
[2026-02-08 14:50:46] System: CPU 51.0%, RAM 35.8%, Disk 85.4%
[2026-02-08 14:50:46] ============================================================
[2026-02-08 14:50:46] Starting optimization cycle
[2026-02-08 14:50:46] Starting codebase scan...
[2026-02-08 14:50:46] Found 73 files to analyze
[2026-02-08 14:50:46] Found 10 duplicate files
[2026-02-08 14:50:46] Found 7 backup files
[2026-02-08 14:50:46] Error: name 'optimizations' is not defined
[2026-02-08 14:51:46] System: CPU 51.2%, RAM 35.7%, Disk 85.4%
[2026-02-08 14:51:46] ============================================================
[2026-02-08 14:51:46] Starting optimization cycle
[2026-02-08 14:51:46] Starting codebase scan...
[2026-02-08 14:51:46] Found 73 files to analyze
[2026-02-08 14:51:46] Found 10 duplicate files
[2026-02-08 14:51:46] Found 7 backup files
[2026-02-08 14:51:46] Error: name 'optimizations' is not defined
[2026-02-08 14:52:46] System: CPU 51.1%, RAM 35.7%, Disk 85.4%
[2026-02-08 14:52:46] ============================================================
[2026-02-08 14:52:46] Starting optimization cycle
[2026-02-08 14:52:46] Starting codebase scan...
[2026-02-08 14:52:46] Found 73 files to analyze
[2026-02-08 14:52:46] Found 10 duplicate files
[2026-02-08 14:52:46] Found 7 backup files
[2026-02-08 14:52:46] Error: name 'optimizations' is not defined
[2026-02-08 14:53:46] System: CPU 51.2%, RAM 35.7%, Disk 85.4%
[2026-02-08 14:53:46] ============================================================
[2026-02-08 14:53:46] Starting optimization cycle
[2026-02-08 14:53:46] Starting codebase scan...
[2026-02-08 14:53:47] Found 73 files to analyze
[2026-02-08 14:53:47] Found 10 duplicate files
[2026-02-08 14:53:47] Found 7 backup files
[2026-02-08 14:53:47] Error: name 'optimizations' is not defined
[2026-02-08 14:54:47] System: CPU 51.0%, RAM 35.8%, Disk 85.4%
[2026-02-08 14:54:47] ============================================================
[2026-02-08 14:54:47] Starting optimization cycle
[2026-02-08 14:54:47] Starting codebase scan...
[2026-02-08 14:54:47] Found 73 files to analyze
[2026-02-08 14:54:47] Found 10 duplicate files
[2026-02-08 14:54:47] Found 7 backup files
[2026-02-08 14:54:47] Error: name 'optimizations' is not defined
[2026-02-08 14:55:47] System: CPU 7.9%, RAM 35.7%, Disk 85.4%
[2026-02-08 14:55:47] ============================================================
[2026-02-08 14:55:47] Starting optimization cycle
[2026-02-08 14:55:47] Starting codebase scan...
[2026-02-08 14:55:47] Found 73 files to analyze
[2026-02-08 14:55:47] Found 10 duplicate files
[2026-02-08 14:55:47] Found 7 backup files
[2026-02-08 14:55:47] Error: name 'optimizations' is not defined
[2026-02-08 14:56:47] System: CPU 1.1%, RAM 35.7%, Disk 85.4%
[2026-02-08 14:56:47] ============================================================
[2026-02-08 14:56:47] Starting optimization cycle
[2026-02-08 14:56:47] Starting codebase scan...
[2026-02-08 14:56:47] Found 73 files to analyze
[2026-02-08 14:56:47] Found 10 duplicate files
[2026-02-08 14:56:47] Found 7 backup files
[2026-02-08 14:56:47] Error: name 'optimizations' is not defined
[2026-02-08 14:57:47] System: CPU 39.8%, RAM 35.7%, Disk 85.4%
[2026-02-08 14:57:47] ============================================================
[2026-02-08 14:57:47] Starting optimization cycle
[2026-02-08 14:57:47] Starting codebase scan...
[2026-02-08 14:57:48] Found 73 files to analyze
[2026-02-08 14:57:48] Found 10 duplicate files
[2026-02-08 14:57:48] Found 7 backup files
[2026-02-08 14:57:48] Error: name 'optimizations' is not defined
[2026-02-08 14:58:48] System: CPU 51.2%, RAM 35.8%, Disk 85.4%
[2026-02-08 14:58:48] ============================================================
[2026-02-08 14:58:48] Starting optimization cycle
[2026-02-08 14:58:48] Starting codebase scan...
[2026-02-08 14:58:48] Found 73 files to analyze
[2026-02-08 14:58:48] Found 10 duplicate files
[2026-02-08 14:58:48] Found 7 backup files
[2026-02-08 14:58:48] Error: name 'optimizations' is not defined
[2026-02-08 14:59:48] System: CPU 51.0%, RAM 35.7%, Disk 85.4%
[2026-02-08 14:59:48] ============================================================
[2026-02-08 14:59:48] Starting optimization cycle
[2026-02-08 14:59:48] Starting codebase scan...
[2026-02-08 14:59:48] Found 73 files to analyze
[2026-02-08 14:59:48] Found 10 duplicate files
[2026-02-08 14:59:48] Found 7 backup files
[2026-02-08 14:59:48] Error: name 'optimizations' is not defined
[2026-02-08 15:00:48] System: CPU 50.9%, RAM 35.9%, Disk 85.4%
[2026-02-08 15:00:48] ============================================================
[2026-02-08 15:00:48] Starting optimization cycle
[2026-02-08 15:00:48] Starting codebase scan...
[2026-02-08 15:00:49] Found 73 files to analyze
[2026-02-08 15:00:49] Found 10 duplicate files
[2026-02-08 15:00:49] Found 7 backup files
[2026-02-08 15:00:49] Error: name 'optimizations' is not defined
[2026-02-08 15:01:49] System: CPU 50.7%, RAM 35.8%, Disk 85.4%
[2026-02-08 15:01:49] ============================================================
[2026-02-08 15:01:49] Starting optimization cycle
[2026-02-08 15:01:49] Starting codebase scan...
[2026-02-08 15:01:49] Found 73 files to analyze
[2026-02-08 15:01:49] Found 10 duplicate files
[2026-02-08 15:01:49] Found 7 backup files
[2026-02-08 15:01:49] Error: name 'optimizations' is not defined
[2026-02-08 15:02:49] System: CPU 50.9%, RAM 35.8%, Disk 85.4%
[2026-02-08 15:02:49] ============================================================
[2026-02-08 15:02:49] Starting optimization cycle
[2026-02-08 15:02:49] Starting codebase scan...
[2026-02-08 15:02:49] Found 73 files to analyze
[2026-02-08 15:02:49] Found 10 duplicate files
[2026-02-08 15:02:49] Found 7 backup files
[2026-02-08 15:02:49] Error: name 'optimizations' is not defined
[2026-02-08 15:03:49] System: CPU 50.8%, RAM 35.7%, Disk 85.4%
[2026-02-08 15:03:49] ============================================================
[2026-02-08 15:03:49] Starting optimization cycle
[2026-02-08 15:03:49] Starting codebase scan...
[2026-02-08 15:03:49] Found 73 files to analyze
[2026-02-08 15:03:49] Found 10 duplicate files
[2026-02-08 15:03:49] Found 7 backup files
[2026-02-08 15:03:50] Error: name 'optimizations' is not defined
[2026-02-08 15:04:50] System: CPU 50.9%, RAM 35.7%, Disk 85.4%
[2026-02-08 15:04:50] ============================================================
[2026-02-08 15:04:50] Starting optimization cycle
[2026-02-08 15:04:50] Starting codebase scan...
[2026-02-08 15:04:50] Found 73 files to analyze
[2026-02-08 15:04:50] Found 10 duplicate files
[2026-02-08 15:04:50] Found 7 backup files
[2026-02-08 15:04:50] Error: name 'optimizations' is not defined
[2026-02-08 15:05:50] System: CPU 50.9%, RAM 35.8%, Disk 85.4%
[2026-02-08 15:05:50] ============================================================
[2026-02-08 15:05:50] Starting optimization cycle
[2026-02-08 15:05:50] Starting codebase scan...
[2026-02-08 15:05:50] Found 73 files to analyze
[2026-02-08 15:05:50] Found 10 duplicate files
[2026-02-08 15:05:50] Found 7 backup files
[2026-02-08 15:05:50] Error: name 'optimizations' is not defined
[2026-02-08 15:06:50] System: CPU 51.2%, RAM 35.7%, Disk 85.4%
[2026-02-08 15:06:50] ============================================================
[2026-02-08 15:06:50] Starting optimization cycle
[2026-02-08 15:06:50] Starting codebase scan...
[2026-02-08 15:06:50] Found 73 files to analyze
[2026-02-08 15:06:50] Found 10 duplicate files
[2026-02-08 15:06:50] Found 7 backup files
[2026-02-08 15:06:50] Error: name 'optimizations' is not defined
[2026-02-08 15:07:50] System: CPU 50.8%, RAM 35.8%, Disk 85.4%
[2026-02-08 15:07:50] ============================================================
[2026-02-08 15:07:50] Starting optimization cycle
[2026-02-08 15:07:50] Starting codebase scan...
[2026-02-08 15:07:51] Found 73 files to analyze
[2026-02-08 15:07:51] Found 10 duplicate files
[2026-02-08 15:07:51] Found 7 backup files
[2026-02-08 15:07:51] Error: name 'optimizations' is not defined
[2026-02-08 15:08:51] System: CPU 51.0%, RAM 35.7%, Disk 85.4%
[2026-02-08 15:08:51] ============================================================
[2026-02-08 15:08:51] Starting optimization cycle
[2026-02-08 15:08:51] Starting codebase scan...
[2026-02-08 15:08:51] Found 73 files to analyze
[2026-02-08 15:08:51] Found 10 duplicate files
[2026-02-08 15:08:51] Found 7 backup files
[2026-02-08 15:08:51] Error: name 'optimizations' is not defined
[2026-02-08 15:09:51] System: CPU 50.7%, RAM 35.8%, Disk 85.4%
[2026-02-08 15:09:51] ============================================================
[2026-02-08 15:09:51] Starting optimization cycle
[2026-02-08 15:09:51] Starting codebase scan...
[2026-02-08 15:09:51] Found 73 files to analyze
[2026-02-08 15:09:51] Found 10 duplicate files
[2026-02-08 15:09:51] Found 7 backup files
[2026-02-08 15:09:51] Error: name 'optimizations' is not defined
[2026-02-08 15:10:51] System: CPU 51.1%, RAM 35.7%, Disk 85.4%
[2026-02-08 15:10:51] ============================================================
[2026-02-08 15:10:51] Starting optimization cycle
[2026-02-08 15:10:51] Starting codebase scan...
[2026-02-08 15:10:51] Found 73 files to analyze
[2026-02-08 15:10:51] Found 10 duplicate files
[2026-02-08 15:10:51] Found 7 backup files
[2026-02-08 15:10:52] Error: name 'optimizations' is not defined
[2026-02-08 15:11:52] System: CPU 50.9%, RAM 35.8%, Disk 85.4%
[2026-02-08 15:11:52] ============================================================
[2026-02-08 15:11:52] Starting optimization cycle
[2026-02-08 15:11:52] Starting codebase scan...
[2026-02-08 15:11:52] Found 73 files to analyze
[2026-02-08 15:11:52] Found 10 duplicate files
[2026-02-08 15:11:52] Found 7 backup files
[2026-02-08 15:11:52] Error: name 'optimizations' is not defined
[2026-02-08 15:12:52] System: CPU 51.3%, RAM 35.7%, Disk 85.4%
[2026-02-08 15:12:52] ============================================================
[2026-02-08 15:12:52] Starting optimization cycle
[2026-02-08 15:12:52] Starting codebase scan...
[2026-02-08 15:12:52] Found 73 files to analyze
[2026-02-08 15:12:52] Found 10 duplicate files
[2026-02-08 15:12:52] Found 7 backup files
[2026-02-08 15:12:52] Error: name 'optimizations' is not defined
[2026-02-08 15:13:52] System: CPU 50.8%, RAM 35.8%, Disk 85.4%
[2026-02-08 15:13:52] ============================================================
[2026-02-08 15:13:52] Starting optimization cycle
[2026-02-08 15:13:52] Starting codebase scan...
[2026-02-08 15:13:52] Found 73 files to analyze
[2026-02-08 15:13:52] Found 10 duplicate files
[2026-02-08 15:13:52] Found 7 backup files
[2026-02-08 15:13:52] Error: name 'optimizations' is not defined
[2026-02-08 15:14:52] System: CPU 50.8%, RAM 35.7%, Disk 85.4%
[2026-02-08 15:14:52] ============================================================
[2026-02-08 15:14:52] Starting optimization cycle
[2026-02-08 15:14:52] Starting codebase scan...
[2026-02-08 15:14:53] Found 73 files to analyze
[2026-02-08 15:14:53] Found 10 duplicate files
[2026-02-08 15:14:53] Found 7 backup files
[2026-02-08 15:14:53] Error: name 'optimizations' is not defined
[2026-02-08 15:15:53] System: CPU 50.8%, RAM 35.8%, Disk 85.4%
[2026-02-08 15:15:53] ============================================================
[2026-02-08 15:15:53] Starting optimization cycle
[2026-02-08 15:15:53] Starting codebase scan...
[2026-02-08 15:15:53] Found 73 files to analyze
[2026-02-08 15:15:53] Found 10 duplicate files
[2026-02-08 15:15:53] Found 7 backup files
[2026-02-08 15:15:53] Error: name 'optimizations' is not defined
[2026-02-08 15:16:53] System: CPU 50.9%, RAM 35.7%, Disk 85.4%
[2026-02-08 15:16:53] ============================================================
[2026-02-08 15:16:53] Starting optimization cycle
[2026-02-08 15:16:53] Starting codebase scan...
[2026-02-08 15:16:53] Found 73 files to analyze
[2026-02-08 15:16:53] Found 10 duplicate files
[2026-02-08 15:16:53] Found 7 backup files
[2026-02-08 15:16:53] Error: name 'optimizations' is not defined
[2026-02-08 15:17:53] System: CPU 51.0%, RAM 35.9%, Disk 85.5%
[2026-02-08 15:17:53] ============================================================
[2026-02-08 15:17:53] Starting optimization cycle
[2026-02-08 15:17:53] Starting codebase scan...
[2026-02-08 15:17:53] Found 73 files to analyze
[2026-02-08 15:17:53] Found 10 duplicate files
[2026-02-08 15:17:53] Found 7 backup files
[2026-02-08 15:17:54] Error: name 'optimizations' is not defined
[2026-02-08 15:18:54] System: CPU 19.3%, RAM 35.6%, Disk 85.5%
[2026-02-08 15:18:54] ============================================================
[2026-02-08 15:18:54] Starting optimization cycle
[2026-02-08 15:18:54] Starting codebase scan...
[2026-02-08 15:18:54] Found 73 files to analyze
[2026-02-08 15:18:54] Found 10 duplicate files
[2026-02-08 15:18:54] Found 7 backup files
[2026-02-08 15:18:54] Error: name 'optimizations' is not defined
[2026-02-08 15:19:54] System: CPU 1.2%, RAM 35.6%, Disk 85.5%
[2026-02-08 15:19:54] ============================================================
[2026-02-08 15:19:54] Starting optimization cycle
[2026-02-08 15:19:54] Starting codebase scan...
[2026-02-08 15:19:54] Found 73 files to analyze
[2026-02-08 15:19:54] Found 10 duplicate files
[2026-02-08 15:19:54] Found 7 backup files
[2026-02-08 15:19:54] Error: name 'optimizations' is not defined
[2026-02-08 15:20:54] System: CPU 1.0%, RAM 35.7%, Disk 85.5%
[2026-02-08 15:20:54] ============================================================
[2026-02-08 15:20:54] Starting optimization cycle
[2026-02-08 15:20:54] Starting codebase scan...
[2026-02-08 15:20:54] Found 73 files to analyze
[2026-02-08 15:20:54] Found 10 duplicate files
[2026-02-08 15:20:54] Found 7 backup files
[2026-02-08 15:20:54] Error: name 'optimizations' is not defined
[2026-02-08 15:21:54] System: CPU 1.2%, RAM 35.6%, Disk 85.5%
[2026-02-08 15:21:54] ============================================================
[2026-02-08 15:21:54] Starting optimization cycle
[2026-02-08 15:21:54] Starting codebase scan...
[2026-02-08 15:21:54] Found 73 files to analyze
[2026-02-08 15:21:54] Found 10 duplicate files
[2026-02-08 15:21:54] Found 7 backup files
[2026-02-08 15:21:54] Error: name 'optimizations' is not defined
[2026-02-08 15:22:54] System: CPU 1.0%, RAM 35.7%, Disk 85.5%
[2026-02-08 15:22:54] ============================================================
[2026-02-08 15:22:54] Starting optimization cycle
[2026-02-08 15:22:54] Starting codebase scan...
[2026-02-08 15:22:55] Found 73 files to analyze
[2026-02-08 15:22:55] Found 10 duplicate files
[2026-02-08 15:22:55] Found 7 backup files
[2026-02-08 15:22:55] Error: name 'optimizations' is not defined
[2026-02-08 15:23:55] System: CPU 1.2%, RAM 19.1%, Disk 85.5%
[2026-02-08 15:23:55] ============================================================
[2026-02-08 15:23:55] Starting optimization cycle
[2026-02-08 15:23:55] Starting codebase scan...
[2026-02-08 15:23:55] Found 73 files to analyze
[2026-02-08 15:23:55] Found 10 duplicate files
[2026-02-08 15:23:55] Found 7 backup files
[2026-02-08 15:23:55] Error: name 'optimizations' is not defined
[2026-02-08 15:24:55] System: CPU 1.1%, RAM 19.2%, Disk 85.5%
[2026-02-08 15:24:55] ============================================================
[2026-02-08 15:24:55] Starting optimization cycle
[2026-02-08 15:24:55] Starting codebase scan...
[2026-02-08 15:24:55] Found 73 files to analyze
[2026-02-08 15:24:55] Found 10 duplicate files
[2026-02-08 15:24:55] Found 7 backup files
[2026-02-08 15:24:55] Error: name 'optimizations' is not defined
[2026-02-08 15:25:55] System: CPU 1.1%, RAM 19.1%, Disk 85.5%
[2026-02-08 15:25:55] ============================================================
[2026-02-08 15:25:55] Starting optimization cycle
[2026-02-08 15:25:55] Starting codebase scan...
[2026-02-08 15:25:55] Found 73 files to analyze
[2026-02-08 15:25:55] Found 10 duplicate files
[2026-02-08 15:25:55] Found 7 backup files
[2026-02-08 15:25:55] Error: name 'optimizations' is not defined
[2026-02-08 15:26:55] System: CPU 1.1%, RAM 19.2%, Disk 85.5%
[2026-02-08 15:26:55] ============================================================
[2026-02-08 15:26:55] Starting optimization cycle
[2026-02-08 15:26:55] Starting codebase scan...
[2026-02-08 15:26:55] Found 73 files to analyze
[2026-02-08 15:26:55] Found 10 duplicate files
[2026-02-08 15:26:55] Found 7 backup files
[2026-02-08 15:26:56] Error: name 'optimizations' is not defined
[2026-02-08 15:27:56] System: CPU 1.3%, RAM 19.1%, Disk 85.5%
[2026-02-08 15:27:56] ============================================================
[2026-02-08 15:27:56] Starting optimization cycle
[2026-02-08 15:27:56] Starting codebase scan...
[2026-02-08 15:27:56] Found 73 files to analyze
[2026-02-08 15:27:56] Found 10 duplicate files
[2026-02-08 15:27:56] Found 7 backup files
[2026-02-08 15:27:56] Error: name 'optimizations' is not defined
[2026-02-08 15:28:56] System: CPU 1.1%, RAM 19.2%, Disk 85.5%
[2026-02-08 15:28:56] ============================================================
[2026-02-08 15:28:56] Starting optimization cycle
[2026-02-08 15:28:56] Starting codebase scan...
[2026-02-08 15:28:56] Found 73 files to analyze
[2026-02-08 15:28:56] Found 10 duplicate files
[2026-02-08 15:28:56] Found 7 backup files
[2026-02-08 15:28:56] Error: name 'optimizations' is not defined
[2026-02-08 15:29:56] System: CPU 1.0%, RAM 19.1%, Disk 85.5%
[2026-02-08 15:29:56] ============================================================
[2026-02-08 15:29:56] Starting optimization cycle
[2026-02-08 15:29:56] Starting codebase scan...
[2026-02-08 15:29:56] Found 73 files to analyze
[2026-02-08 15:29:56] Found 10 duplicate files
[2026-02-08 15:29:56] Found 7 backup files
[2026-02-08 15:29:56] Error: name 'optimizations' is not defined
[2026-02-08 15:30:56] System: CPU 1.1%, RAM 19.2%, Disk 85.5%
[2026-02-08 15:30:56] ============================================================
[2026-02-08 15:30:56] Starting optimization cycle
[2026-02-08 15:30:56] Starting codebase scan...
[2026-02-08 15:30:56] Found 73 files to analyze
[2026-02-08 15:30:56] Found 10 duplicate files
[2026-02-08 15:30:56] Found 7 backup files
[2026-02-08 15:30:56] Error: name 'optimizations' is not defined
[2026-02-08 15:31:56] System: CPU 1.1%, RAM 19.1%, Disk 85.5%
[2026-02-08 15:31:56] ============================================================
[2026-02-08 15:31:56] Starting optimization cycle
[2026-02-08 15:31:56] Starting codebase scan...
[2026-02-08 15:31:56] Found 73 files to analyze
[2026-02-08 15:31:56] Found 10 duplicate files
[2026-02-08 15:31:56] Found 7 backup files
[2026-02-08 15:31:57] Error: name 'optimizations' is not defined
[2026-02-08 15:32:57] System: CPU 1.1%, RAM 19.2%, Disk 85.5%
[2026-02-08 15:32:57] ============================================================
[2026-02-08 15:32:57] Starting optimization cycle
[2026-02-08 15:32:57] Starting codebase scan...
[2026-02-08 15:32:57] Found 73 files to analyze
[2026-02-08 15:32:57] Found 10 duplicate files
[2026-02-08 15:32:57] Found 7 backup files
[2026-02-08 15:32:57] Error: name 'optimizations' is not defined
[2026-02-08 15:33:57] System: CPU 1.0%, RAM 19.1%, Disk 85.5%
[2026-02-08 15:33:57] ============================================================
[2026-02-08 15:33:57] Starting optimization cycle
[2026-02-08 15:33:57] Starting codebase scan...
[2026-02-08 15:33:57] Found 73 files to analyze
[2026-02-08 15:33:57] Found 10 duplicate files
[2026-02-08 15:33:57] Found 7 backup files
[2026-02-08 15:33:57] Error: name 'optimizations' is not defined
[2026-02-08 15:34:57] System: CPU 1.1%, RAM 19.2%, Disk 85.5%
[2026-02-08 15:34:57] ============================================================
[2026-02-08 15:34:57] Starting optimization cycle
[2026-02-08 15:34:57] Starting codebase scan...
[2026-02-08 15:34:57] Found 73 files to analyze
[2026-02-08 15:34:57] Found 10 duplicate files
[2026-02-08 15:34:57] Found 7 backup files
[2026-02-08 15:34:57] Error: name 'optimizations' is not defined
[2026-02-08 15:35:57] System: CPU 1.0%, RAM 19.2%, Disk 85.5%
[2026-02-08 15:35:57] ============================================================
[2026-02-08 15:35:57] Starting optimization cycle
[2026-02-08 15:35:57] Starting codebase scan...
[2026-02-08 15:35:57] Found 73 files to analyze
[2026-02-08 15:35:57] Found 10 duplicate files
[2026-02-08 15:35:57] Found 7 backup files
[2026-02-08 15:35:57] Error: name 'optimizations' is not defined
[2026-02-08 15:36:57] System: CPU 1.1%, RAM 19.0%, Disk 85.5%
[2026-02-08 15:36:57] ============================================================
[2026-02-08 15:36:57] Starting optimization cycle
[2026-02-08 15:36:57] Starting codebase scan...
[2026-02-08 15:36:57] Found 73 files to analyze
[2026-02-08 15:36:57] Found 10 duplicate files
[2026-02-08 15:36:57] Found 7 backup files
[2026-02-08 15:36:58] Error: name 'optimizations' is not defined
[2026-02-08 15:37:58] System: CPU 1.0%, RAM 19.2%, Disk 85.5%
[2026-02-08 15:37:58] ============================================================
[2026-02-08 15:37:58] Starting optimization cycle
[2026-02-08 15:37:58] Starting codebase scan...
[2026-02-08 15:37:58] Found 73 files to analyze
[2026-02-08 15:37:58] Found 10 duplicate files
[2026-02-08 15:37:58] Found 7 backup files
[2026-02-08 15:37:58] Error: name 'optimizations' is not defined
[2026-02-08 15:38:58] System: CPU 1.2%, RAM 19.1%, Disk 85.5%
[2026-02-08 15:38:58] ============================================================
[2026-02-08 15:38:58] Starting optimization cycle
[2026-02-08 15:38:58] Starting codebase scan...
[2026-02-08 15:38:58] Found 73 files to analyze
[2026-02-08 15:38:58] Found 10 duplicate files
[2026-02-08 15:38:58] Found 7 backup files
[2026-02-08 15:38:58] Error: name 'optimizations' is not defined
[2026-02-08 15:39:58] System: CPU 1.0%, RAM 19.2%, Disk 85.5%
[2026-02-08 15:39:58] ============================================================
[2026-02-08 15:39:58] Starting optimization cycle
[2026-02-08 15:39:58] Starting codebase scan...
[2026-02-08 15:39:58] Found 73 files to analyze
[2026-02-08 15:39:58] Found 10 duplicate files
[2026-02-08 15:39:58] Found 7 backup files
[2026-02-08 15:39:58] Error: name 'optimizations' is not defined
[2026-02-08 15:40:58] System: CPU 1.2%, RAM 19.1%, Disk 85.5%
[2026-02-08 15:40:58] ============================================================
[2026-02-08 15:40:58] Starting optimization cycle
[2026-02-08 15:40:58] Starting codebase scan...
[2026-02-08 15:40:58] Found 73 files to analyze
[2026-02-08 15:40:58] Found 10 duplicate files
[2026-02-08 15:40:58] Found 7 backup files
[2026-02-08 15:40:58] Error: name 'optimizations' is not defined
[2026-02-08 15:41:58] System: CPU 1.1%, RAM 19.2%, Disk 85.5%
[2026-02-08 15:41:58] ============================================================
[2026-02-08 15:41:58] Starting optimization cycle
[2026-02-08 15:41:58] Starting codebase scan...
[2026-02-08 15:41:59] Found 73 files to analyze
[2026-02-08 15:41:59] Found 10 duplicate files
[2026-02-08 15:41:59] Found 7 backup files
[2026-02-08 15:41:59] Error: name 'optimizations' is not defined
[2026-02-08 15:42:59] System: CPU 1.4%, RAM 19.1%, Disk 85.5%
[2026-02-08 15:42:59] ============================================================
[2026-02-08 15:42:59] Starting optimization cycle
[2026-02-08 15:42:59] Starting codebase scan...
[2026-02-08 15:42:59] Found 73 files to analyze
[2026-02-08 15:42:59] Found 10 duplicate files
[2026-02-08 15:42:59] Found 7 backup files
[2026-02-08 15:42:59] Error: name 'optimizations' is not defined
[2026-02-08 15:43:59] System: CPU 1.0%, RAM 19.2%, Disk 85.5%
[2026-02-08 15:43:59] ============================================================
[2026-02-08 15:43:59] Starting optimization cycle
[2026-02-08 15:43:59] Starting codebase scan...
[2026-02-08 15:43:59] Found 73 files to analyze
[2026-02-08 15:43:59] Found 10 duplicate files
[2026-02-08 15:43:59] Found 7 backup files
[2026-02-08 15:43:59] Error: name 'optimizations' is not defined
[2026-02-08 15:44:59] System: CPU 1.1%, RAM 19.1%, Disk 85.5%
[2026-02-08 15:44:59] ============================================================
[2026-02-08 15:44:59] Starting optimization cycle
[2026-02-08 15:44:59] Starting codebase scan...
[2026-02-08 15:44:59] Found 73 files to analyze
[2026-02-08 15:44:59] Found 10 duplicate files
[2026-02-08 15:44:59] Found 7 backup files
[2026-02-08 15:44:59] Error: name 'optimizations' is not defined
[2026-02-08 15:45:59] System: CPU 1.1%, RAM 19.2%, Disk 85.5%
[2026-02-08 15:45:59] ============================================================
[2026-02-08 15:45:59] Starting optimization cycle
[2026-02-08 15:45:59] Starting codebase scan...
[2026-02-08 15:45:59] Found 73 files to analyze
[2026-02-08 15:45:59] Found 10 duplicate files
[2026-02-08 15:45:59] Found 7 backup files
[2026-02-08 15:45:59] Error: name 'optimizations' is not defined
[2026-02-08 15:46:59] System: CPU 1.0%, RAM 19.1%, Disk 85.5%
[2026-02-08 15:46:59] ============================================================
[2026-02-08 15:46:59] Starting optimization cycle
[2026-02-08 15:46:59] Starting codebase scan...
[2026-02-08 15:47:00] Found 73 files to analyze
[2026-02-08 15:47:00] Found 10 duplicate files
[2026-02-08 15:47:00] Found 7 backup files
[2026-02-08 15:47:00] Error: name 'optimizations' is not defined
[2026-02-08 15:48:00] System: CPU 1.1%, RAM 19.2%, Disk 85.5%
[2026-02-08 15:48:00] ============================================================
[2026-02-08 15:48:00] Starting optimization cycle
[2026-02-08 15:48:00] Starting codebase scan...
[2026-02-08 15:48:00] Found 73 files to analyze
[2026-02-08 15:48:00] Found 10 duplicate files
[2026-02-08 15:48:00] Found 7 backup files
[2026-02-08 15:48:00] Error: name 'optimizations' is not defined
[2026-02-08 15:49:00] System: CPU 1.0%, RAM 19.1%, Disk 85.5%
[2026-02-08 15:49:00] ============================================================
[2026-02-08 15:49:00] Starting optimization cycle
[2026-02-08 15:49:00] Starting codebase scan...
[2026-02-08 15:49:00] Found 73 files to analyze
[2026-02-08 15:49:00] Found 10 duplicate files
[2026-02-08 15:49:00] Found 7 backup files
[2026-02-08 15:49:00] Error: name 'optimizations' is not defined
[2026-02-08 15:50:00] System: CPU 1.2%, RAM 19.2%, Disk 85.5%
[2026-02-08 15:50:00] ============================================================
[2026-02-08 15:50:00] Starting optimization cycle
[2026-02-08 15:50:00] Starting codebase scan...
[2026-02-08 15:50:00] Found 73 files to analyze
[2026-02-08 15:50:00] Found 10 duplicate files
[2026-02-08 15:50:00] Found 7 backup files
[2026-02-08 15:50:00] Error: name 'optimizations' is not defined
[2026-02-08 15:51:00] System: CPU 1.0%, RAM 19.1%, Disk 85.5%
[2026-02-08 15:51:00] ============================================================
[2026-02-08 15:51:00] Starting optimization cycle
[2026-02-08 15:51:00] Starting codebase scan...
[2026-02-08 15:51:00] Found 73 files to analyze
[2026-02-08 15:51:00] Found 10 duplicate files
[2026-02-08 15:51:00] Found 7 backup files
[2026-02-08 15:51:01] Error: name 'optimizations' is not defined
[2026-02-08 15:52:01] System: CPU 1.2%, RAM 19.2%, Disk 85.5%
[2026-02-08 15:52:01] ============================================================
[2026-02-08 15:52:01] Starting optimization cycle
[2026-02-08 15:52:01] Starting codebase scan...
[2026-02-08 15:52:01] Found 73 files to analyze
[2026-02-08 15:52:01] Found 10 duplicate files
[2026-02-08 15:52:01] Found 7 backup files
[2026-02-08 15:52:01] Error: name 'optimizations' is not defined
[2026-02-08 15:53:01] System: CPU 0.9%, RAM 19.1%, Disk 85.5%
[2026-02-08 15:53:01] ============================================================
[2026-02-08 15:53:01] Starting optimization cycle
[2026-02-08 15:53:01] Starting codebase scan...
[2026-02-08 15:53:01] Found 73 files to analyze
[2026-02-08 15:53:01] Found 10 duplicate files
[2026-02-08 15:53:01] Found 7 backup files
[2026-02-08 15:53:01] Error: name 'optimizations' is not defined
[2026-02-08 15:54:01] System: CPU 1.1%, RAM 19.1%, Disk 85.5%
[2026-02-08 15:54:01] ============================================================
[2026-02-08 15:54:01] Starting optimization cycle
[2026-02-08 15:54:01] Starting codebase scan...
[2026-02-08 15:54:01] Found 73 files to analyze
[2026-02-08 15:54:01] Found 10 duplicate files
[2026-02-08 15:54:01] Found 7 backup files
[2026-02-08 15:54:01] Error: name 'optimizations' is not defined
[2026-02-08 15:55:01] System: CPU 1.0%, RAM 19.2%, Disk 85.5%
[2026-02-08 15:55:01] ============================================================
[2026-02-08 15:55:01] Starting optimization cycle
[2026-02-08 15:55:01] Starting codebase scan...
[2026-02-08 15:55:01] Found 73 files to analyze
[2026-02-08 15:55:01] Found 10 duplicate files
[2026-02-08 15:55:01] Found 7 backup files
[2026-02-08 15:55:01] Error: name 'optimizations' is not defined
[2026-02-08 15:56:01] System: CPU 1.2%, RAM 19.1%, Disk 85.5%
[2026-02-08 15:56:01] ============================================================
[2026-02-08 15:56:01] Starting optimization cycle
[2026-02-08 15:56:01] Starting codebase scan...
[2026-02-08 15:56:01] Found 73 files to analyze
[2026-02-08 15:56:01] Found 10 duplicate files
[2026-02-08 15:56:01] Found 7 backup files
[2026-02-08 15:56:02] Error: name 'optimizations' is not defined
[2026-02-08 15:57:02] System: CPU 1.0%, RAM 19.2%, Disk 85.5%
[2026-02-08 15:57:02] ============================================================
[2026-02-08 15:57:02] Starting optimization cycle
[2026-02-08 15:57:02] Starting codebase scan...
[2026-02-08 15:57:02] Found 73 files to analyze
[2026-02-08 15:57:02] Found 10 duplicate files
[2026-02-08 15:57:02] Found 7 backup files
[2026-02-08 15:57:02] Error: name 'optimizations' is not defined
[2026-02-08 15:58:02] System: CPU 1.4%, RAM 19.1%, Disk 85.5%
[2026-02-08 15:58:02] ============================================================
[2026-02-08 15:58:02] Starting optimization cycle
[2026-02-08 15:58:02] Starting codebase scan...
[2026-02-08 15:58:02] Found 73 files to analyze
[2026-02-08 15:58:02] Found 10 duplicate files
[2026-02-08 15:58:02] Found 7 backup files
[2026-02-08 15:58:02] Error: name 'optimizations' is not defined
[2026-02-08 15:59:02] System: CPU 1.1%, RAM 19.2%, Disk 85.5%
[2026-02-08 15:59:02] ============================================================
[2026-02-08 15:59:02] Starting optimization cycle
[2026-02-08 15:59:02] Starting codebase scan...
[2026-02-08 15:59:02] Found 73 files to analyze
[2026-02-08 15:59:02] Found 10 duplicate files
[2026-02-08 15:59:02] Found 7 backup files
[2026-02-08 15:59:02] Error: name 'optimizations' is not defined
[2026-02-08 16:00:02] System: CPU 1.1%, RAM 19.2%, Disk 85.5%
[2026-02-08 16:00:02] ============================================================
[2026-02-08 16:00:02] Starting optimization cycle
[2026-02-08 16:00:02] Starting codebase scan...
[2026-02-08 16:00:02] Found 73 files to analyze
[2026-02-08 16:00:02] Found 10 duplicate files
[2026-02-08 16:00:02] Found 7 backup files
[2026-02-08 16:00:02] Error: name 'optimizations' is not defined
[2026-02-08 16:01:02] System: CPU 1.1%, RAM 19.2%, Disk 85.5%
[2026-02-08 16:01:02] ============================================================
[2026-02-08 16:01:02] Starting optimization cycle
[2026-02-08 16:01:02] Starting codebase scan...
[2026-02-08 16:01:03] Found 73 files to analyze
[2026-02-08 16:01:03] Found 10 duplicate files
[2026-02-08 16:01:03] Found 7 backup files
[2026-02-08 16:01:03] Error: name 'optimizations' is not defined
[2026-02-08 16:02:03] System: CPU 1.1%, RAM 19.1%, Disk 85.5%
[2026-02-08 16:02:03] ============================================================
[2026-02-08 16:02:03] Starting optimization cycle
[2026-02-08 16:02:03] Starting codebase scan...
[2026-02-08 16:02:03] Found 73 files to analyze
[2026-02-08 16:02:03] Found 10 duplicate files
[2026-02-08 16:02:03] Found 7 backup files
[2026-02-08 16:02:03] Error: name 'optimizations' is not defined
[2026-02-08 16:03:03] System: CPU 1.1%, RAM 19.2%, Disk 85.5%
[2026-02-08 16:03:03] ============================================================
[2026-02-08 16:03:03] Starting optimization cycle
[2026-02-08 16:03:03] Starting codebase scan...
[2026-02-08 16:03:03] Found 73 files to analyze
[2026-02-08 16:03:03] Found 10 duplicate files
[2026-02-08 16:03:03] Found 7 backup files
[2026-02-08 16:03:03] Error: name 'optimizations' is not defined
[2026-02-08 16:04:03] System: CPU 1.1%, RAM 19.1%, Disk 85.5%
[2026-02-08 16:04:03] ============================================================
[2026-02-08 16:04:03] Starting optimization cycle
[2026-02-08 16:04:03] Starting codebase scan...
[2026-02-08 16:04:03] Found 73 files to analyze
[2026-02-08 16:04:03] Found 10 duplicate files
[2026-02-08 16:04:03] Found 7 backup files
[2026-02-08 16:04:03] Error: name 'optimizations' is not defined
[2026-02-08 16:05:03] System: CPU 1.1%, RAM 19.2%, Disk 85.5%
[2026-02-08 16:05:03] ============================================================
[2026-02-08 16:05:03] Starting optimization cycle
[2026-02-08 16:05:03] Starting codebase scan...
[2026-02-08 16:05:03] Found 73 files to analyze
[2026-02-08 16:05:03] Found 10 duplicate files
[2026-02-08 16:05:03] Found 7 backup files
[2026-02-08 16:05:03] Error: name 'optimizations' is not defined
[2026-02-08 16:06:03] System: CPU 1.0%, RAM 19.1%, Disk 85.5%
[2026-02-08 16:06:03] ============================================================
[2026-02-08 16:06:03] Starting optimization cycle
[2026-02-08 16:06:03] Starting codebase scan...
[2026-02-08 16:06:04] Found 73 files to analyze
[2026-02-08 16:06:04] Found 10 duplicate files
[2026-02-08 16:06:04] Found 7 backup files
[2026-02-08 16:06:04] Error: name 'optimizations' is not defined
[2026-02-08 16:07:04] System: CPU 1.1%, RAM 19.2%, Disk 85.5%
[2026-02-08 16:07:04] ============================================================
[2026-02-08 16:07:04] Starting optimization cycle
[2026-02-08 16:07:04] Starting codebase scan...
[2026-02-08 16:07:04] Found 73 files to analyze
[2026-02-08 16:07:04] Found 10 duplicate files
[2026-02-08 16:07:04] Found 7 backup files
[2026-02-08 16:07:04] Error: name 'optimizations' is not defined
[2026-02-08 16:08:04] System: CPU 1.0%, RAM 19.2%, Disk 85.5%
[2026-02-08 16:08:04] ============================================================
[2026-02-08 16:08:04] Starting optimization cycle
[2026-02-08 16:08:04] Starting codebase scan...
[2026-02-08 16:08:04] Found 73 files to analyze
[2026-02-08 16:08:04] Found 10 duplicate files
[2026-02-08 16:08:04] Found 7 backup files
[2026-02-08 16:08:04] Error: name 'optimizations' is not defined
[2026-02-08 16:09:04] System: CPU 1.1%, RAM 19.2%, Disk 85.5%
[2026-02-08 16:09:04] ============================================================
[2026-02-08 16:09:04] Starting optimization cycle
[2026-02-08 16:09:04] Starting codebase scan...
[2026-02-08 16:09:04] Found 73 files to analyze
[2026-02-08 16:09:04] Found 10 duplicate files
[2026-02-08 16:09:04] Found 7 backup files
[2026-02-08 16:09:04] Error: name 'optimizations' is not defined
[2026-02-08 16:10:04] System: CPU 1.0%, RAM 19.1%, Disk 85.5%
[2026-02-08 16:10:04] ============================================================
[2026-02-08 16:10:04] Starting optimization cycle
[2026-02-08 16:10:04] Starting codebase scan...
[2026-02-08 16:10:04] Found 73 files to analyze
[2026-02-08 16:10:04] Found 10 duplicate files
[2026-02-08 16:10:04] Found 7 backup files
[2026-02-08 16:10:05] Error: name 'optimizations' is not defined
[2026-02-08 16:11:05] System: CPU 1.1%, RAM 19.1%, Disk 85.5%
[2026-02-08 16:11:05] ============================================================
[2026-02-08 16:11:05] Starting optimization cycle
[2026-02-08 16:11:05] Starting codebase scan...
[2026-02-08 16:11:05] Found 73 files to analyze
[2026-02-08 16:11:05] Found 10 duplicate files
[2026-02-08 16:11:05] Found 7 backup files
[2026-02-08 16:11:05] Error: name 'optimizations' is not defined
[2026-02-08 16:12:05] System: CPU 1.0%, RAM 19.2%, Disk 85.5%
[2026-02-08 16:12:05] ============================================================
[2026-02-08 16:12:05] Starting optimization cycle
[2026-02-08 16:12:05] Starting codebase scan...
[2026-02-08 16:12:05] Found 73 files to analyze
[2026-02-08 16:12:05] Found 10 duplicate files
[2026-02-08 16:12:05] Found 7 backup files
[2026-02-08 16:12:05] Error: name 'optimizations' is not defined
[2026-02-08 16:13:05] System: CPU 1.4%, RAM 19.1%, Disk 85.5%
[2026-02-08 16:13:05] ============================================================
[2026-02-08 16:13:05] Starting optimization cycle
[2026-02-08 16:13:05] Starting codebase scan...
[2026-02-08 16:13:05] Found 73 files to analyze
[2026-02-08 16:13:05] Found 10 duplicate files
[2026-02-08 16:13:05] Found 7 backup files
[2026-02-08 16:13:05] Error: name 'optimizations' is not defined
[2026-02-08 16:14:05] System: CPU 1.1%, RAM 19.2%, Disk 85.5%
[2026-02-08 16:14:05] ============================================================
[2026-02-08 16:14:05] Starting optimization cycle
[2026-02-08 16:14:05] Starting codebase scan...
[2026-02-08 16:14:05] Found 73 files to analyze
[2026-02-08 16:14:05] Found 10 duplicate files
[2026-02-08 16:14:05] Found 7 backup files
[2026-02-08 16:14:05] Error: name 'optimizations' is not defined
[2026-02-08 16:15:05] System: CPU 1.1%, RAM 19.1%, Disk 85.5%
[2026-02-08 16:15:05] ============================================================
[2026-02-08 16:15:05] Starting optimization cycle
[2026-02-08 16:15:05] Starting codebase scan...
[2026-02-08 16:15:05] Found 73 files to analyze
[2026-02-08 16:15:05] Found 10 duplicate files
[2026-02-08 16:15:05] Found 7 backup files
[2026-02-08 16:15:06] Error: name 'optimizations' is not defined
[2026-02-08 16:16:06] System: CPU 1.0%, RAM 19.2%, Disk 85.5%
[2026-02-08 16:16:06] ============================================================
[2026-02-08 16:16:06] Starting optimization cycle
[2026-02-08 16:16:06] Starting codebase scan...
[2026-02-08 16:16:06] Found 73 files to analyze
[2026-02-08 16:16:06] Found 10 duplicate files
[2026-02-08 16:16:06] Found 7 backup files
[2026-02-08 16:16:06] Error: name 'optimizations' is not defined
[2026-02-08 16:17:06] System: CPU 1.1%, RAM 19.1%, Disk 85.5%
[2026-02-08 16:17:06] ============================================================
[2026-02-08 16:17:06] Starting optimization cycle
[2026-02-08 16:17:06] Starting codebase scan...
[2026-02-08 16:17:06] Found 73 files to analyze
[2026-02-08 16:17:06] Found 10 duplicate files
[2026-02-08 16:17:06] Found 7 backup files
[2026-02-08 16:17:06] Error: name 'optimizations' is not defined
[2026-02-08 16:18:06] System: CPU 1.1%, RAM 19.2%, Disk 85.5%
[2026-02-08 16:18:06] ============================================================
[2026-02-08 16:18:06] Starting optimization cycle
[2026-02-08 16:18:06] Starting codebase scan...
[2026-02-08 16:18:06] Found 73 files to analyze
[2026-02-08 16:18:06] Found 10 duplicate files
[2026-02-08 16:18:06] Found 7 backup files
[2026-02-08 16:18:06] Error: name 'optimizations' is not defined
[2026-02-08 16:19:06] System: CPU 1.1%, RAM 19.1%, Disk 85.5%
[2026-02-08 16:19:06] ============================================================
[2026-02-08 16:19:06] Starting optimization cycle
[2026-02-08 16:19:06] Starting codebase scan...
[2026-02-08 16:19:06] Found 73 files to analyze
[2026-02-08 16:19:06] Found 10 duplicate files
[2026-02-08 16:19:06] Found 7 backup files
[2026-02-08 16:19:06] Error: name 'optimizations' is not defined
[2026-02-08 16:20:06] System: CPU 1.1%, RAM 19.2%, Disk 85.5%
[2026-02-08 16:20:06] ============================================================
[2026-02-08 16:20:06] Starting optimization cycle
[2026-02-08 16:20:06] Starting codebase scan...
[2026-02-08 16:20:07] Found 73 files to analyze
[2026-02-08 16:20:07] Found 10 duplicate files
[2026-02-08 16:20:07] Found 7 backup files
[2026-02-08 16:20:07] Error: name 'optimizations' is not defined
[2026-02-08 16:21:07] System: CPU 1.0%, RAM 19.1%, Disk 85.5%
[2026-02-08 16:21:07] ============================================================
[2026-02-08 16:21:07] Starting optimization cycle
[2026-02-08 16:21:07] Starting codebase scan...
[2026-02-08 16:21:07] Found 73 files to analyze
[2026-02-08 16:21:07] Found 10 duplicate files
[2026-02-08 16:21:07] Found 7 backup files
[2026-02-08 16:21:07] Error: name 'optimizations' is not defined
[2026-02-08 16:22:07] System: CPU 1.1%, RAM 19.2%, Disk 85.5%
[2026-02-08 16:22:07] ============================================================
[2026-02-08 16:22:07] Starting optimization cycle
[2026-02-08 16:22:07] Starting codebase scan...
[2026-02-08 16:22:07] Found 73 files to analyze
[2026-02-08 16:22:07] Found 10 duplicate files
[2026-02-08 16:22:07] Found 7 backup files
[2026-02-08 16:22:07] Error: name 'optimizations' is not defined
[2026-02-08 16:23:07] System: CPU 1.0%, RAM 19.1%, Disk 85.5%
[2026-02-08 16:23:07] ============================================================
[2026-02-08 16:23:07] Starting optimization cycle
[2026-02-08 16:23:07] Starting codebase scan...
[2026-02-08 16:23:07] Found 73 files to analyze
[2026-02-08 16:23:07] Found 10 duplicate files
[2026-02-08 16:23:07] Found 7 backup files
[2026-02-08 16:23:07] Error: name 'optimizations' is not defined
[2026-02-08 16:24:07] System: CPU 1.1%, RAM 19.2%, Disk 85.5%
[2026-02-08 16:24:07] ============================================================
[2026-02-08 16:24:07] Starting optimization cycle
[2026-02-08 16:24:07] Starting codebase scan...
[2026-02-08 16:24:07] Found 73 files to analyze
[2026-02-08 16:24:07] Found 10 duplicate files
[2026-02-08 16:24:07] Found 7 backup files
[2026-02-08 16:24:07] Error: name 'optimizations' is not defined
[2026-02-08 16:25:07] System: CPU 1.0%, RAM 19.1%, Disk 85.5%
[2026-02-08 16:25:07] ============================================================
[2026-02-08 16:25:07] Starting optimization cycle
[2026-02-08 16:25:07] Starting codebase scan...
[2026-02-08 16:25:08] Found 73 files to analyze
[2026-02-08 16:25:08] Found 10 duplicate files
[2026-02-08 16:25:08] Found 7 backup files
[2026-02-08 16:25:08] Error: name 'optimizations' is not defined
[2026-02-08 16:26:08] System: CPU 1.1%, RAM 19.2%, Disk 85.5%
[2026-02-08 16:26:08] ============================================================
[2026-02-08 16:26:08] Starting optimization cycle
[2026-02-08 16:26:08] Starting codebase scan...
[2026-02-08 16:26:08] Found 73 files to analyze
[2026-02-08 16:26:08] Found 10 duplicate files
[2026-02-08 16:26:08] Found 7 backup files
[2026-02-08 16:26:08] Error: name 'optimizations' is not defined
[2026-02-08 16:27:08] System: CPU 1.0%, RAM 19.1%, Disk 85.5%
[2026-02-08 16:27:08] ============================================================
[2026-02-08 16:27:08] Starting optimization cycle
[2026-02-08 16:27:08] Starting codebase scan...
[2026-02-08 16:27:08] Found 73 files to analyze
[2026-02-08 16:27:08] Found 10 duplicate files
[2026-02-08 16:27:08] Found 7 backup files
[2026-02-08 16:27:08] Error: name 'optimizations' is not defined
[2026-02-08 16:28:08] System: CPU 1.4%, RAM 19.2%, Disk 85.6%
[2026-02-08 16:28:08] ============================================================
[2026-02-08 16:28:08] Starting optimization cycle
[2026-02-08 16:28:08] Starting codebase scan...
[2026-02-08 16:28:08] Found 73 files to analyze
[2026-02-08 16:28:08] Found 10 duplicate files
[2026-02-08 16:28:08] Found 7 backup files
[2026-02-08 16:28:08] Error: name 'optimizations' is not defined
[2026-02-08 16:29:08] System: CPU 1.0%, RAM 19.2%, Disk 85.6%
[2026-02-08 16:29:08] ============================================================
[2026-02-08 16:29:08] Starting optimization cycle
[2026-02-08 16:29:08] Starting codebase scan...
[2026-02-08 16:29:08] Found 73 files to analyze
[2026-02-08 16:29:08] Found 10 duplicate files
[2026-02-08 16:29:08] Found 7 backup files
[2026-02-08 16:29:09] Error: name 'optimizations' is not defined
[2026-02-08 16:30:09] System: CPU 1.2%, RAM 19.1%, Disk 85.6%
[2026-02-08 16:30:09] ============================================================
[2026-02-08 16:30:09] Starting optimization cycle
[2026-02-08 16:30:09] Starting codebase scan...
[2026-02-08 16:30:09] Found 73 files to analyze
[2026-02-08 16:30:09] Found 10 duplicate files
[2026-02-08 16:30:09] Found 7 backup files
[2026-02-08 16:30:09] Error: name 'optimizations' is not defined
[2026-02-08 16:31:09] System: CPU 1.0%, RAM 19.2%, Disk 85.6%
[2026-02-08 16:31:09] ============================================================
[2026-02-08 16:31:09] Starting optimization cycle
[2026-02-08 16:31:09] Starting codebase scan...
[2026-02-08 16:31:09] Found 73 files to analyze
[2026-02-08 16:31:09] Found 10 duplicate files
[2026-02-08 16:31:09] Found 7 backup files
[2026-02-08 16:31:09] Error: name 'optimizations' is not defined
[2026-02-08 16:32:09] System: CPU 1.2%, RAM 19.1%, Disk 85.6%
[2026-02-08 16:32:09] ============================================================
[2026-02-08 16:32:09] Starting optimization cycle
[2026-02-08 16:32:09] Starting codebase scan...
[2026-02-08 16:32:09] Found 73 files to analyze
[2026-02-08 16:32:09] Found 10 duplicate files
[2026-02-08 16:32:09] Found 7 backup files
[2026-02-08 16:32:09] Error: name 'optimizations' is not defined
[2026-02-08 16:33:09] System: CPU 1.0%, RAM 19.2%, Disk 85.6%
[2026-02-08 16:33:09] ============================================================
[2026-02-08 16:33:09] Starting optimization cycle
[2026-02-08 16:33:09] Starting codebase scan...
[2026-02-08 16:33:09] Found 73 files to analyze
[2026-02-08 16:33:09] Found 10 duplicate files
[2026-02-08 16:33:09] Found 7 backup files
[2026-02-08 16:33:09] Error: name 'optimizations' is not defined
[2026-02-08 16:34:09] System: CPU 1.2%, RAM 19.1%, Disk 85.6%
[2026-02-08 16:34:09] ============================================================
[2026-02-08 16:34:09] Starting optimization cycle
[2026-02-08 16:34:09] Starting codebase scan...
[2026-02-08 16:34:09] Found 73 files to analyze
[2026-02-08 16:34:09] Found 10 duplicate files
[2026-02-08 16:34:09] Found 7 backup files
[2026-02-08 16:34:10] Error: name 'optimizations' is not defined
[2026-02-08 16:35:10] System: CPU 1.1%, RAM 19.2%, Disk 85.6%
[2026-02-08 16:35:10] ============================================================
[2026-02-08 16:35:10] Starting optimization cycle
[2026-02-08 16:35:10] Starting codebase scan...
[2026-02-08 16:35:10] Found 74 files to analyze
[2026-02-08 16:35:10] Found 11 duplicate files
[2026-02-08 16:35:10] Found 7 backup files
[2026-02-08 16:35:10] Error: name 'optimizations' is not defined
[2026-02-08 16:36:10] System: CPU 1.1%, RAM 19.1%, Disk 85.6%
[2026-02-08 16:36:10] ============================================================
[2026-02-08 16:36:10] Starting optimization cycle
[2026-02-08 16:36:10] Starting codebase scan...
[2026-02-08 16:36:10] Found 75 files to analyze
[2026-02-08 16:36:10] Found 11 duplicate files
[2026-02-08 16:36:10] Found 7 backup files
[2026-02-08 16:36:10] Error: name 'optimizations' is not defined
[2026-02-08 16:37:10] System: CPU 1.0%, RAM 19.2%, Disk 85.6%
[2026-02-08 16:37:10] ============================================================
[2026-02-08 16:37:10] Starting optimization cycle
[2026-02-08 16:37:10] Starting codebase scan...
[2026-02-08 16:37:10] Found 75 files to analyze
[2026-02-08 16:37:10] Found 11 duplicate files
[2026-02-08 16:37:10] Found 7 backup files
[2026-02-08 16:37:10] Error: name 'optimizations' is not defined
[2026-02-08 16:38:10] System: CPU 1.1%, RAM 19.1%, Disk 85.6%
[2026-02-08 16:38:10] ============================================================
[2026-02-08 16:38:10] Starting optimization cycle
[2026-02-08 16:38:10] Starting codebase scan...
[2026-02-08 16:38:10] Found 75 files to analyze
[2026-02-08 16:38:10] Found 11 duplicate files
[2026-02-08 16:38:10] Found 7 backup files
[2026-02-08 16:38:10] Error: name 'optimizations' is not defined
[2026-02-08 16:39:10] System: CPU 1.1%, RAM 19.3%, Disk 85.6%
[2026-02-08 16:39:10] ============================================================
[2026-02-08 16:39:10] Starting optimization cycle
[2026-02-08 16:39:10] Starting codebase scan...
[2026-02-08 16:39:11] Found 75 files to analyze
[2026-02-08 16:39:11] Found 11 duplicate files
[2026-02-08 16:39:11] Found 7 backup files
[2026-02-08 16:39:11] Error: name 'optimizations' is not defined
[2026-02-08 16:40:11] System: CPU 1.1%, RAM 19.1%, Disk 85.6%
[2026-02-08 16:40:11] ============================================================
[2026-02-08 16:40:11] Starting optimization cycle
[2026-02-08 16:40:11] Starting codebase scan...
[2026-02-08 16:40:11] Found 75 files to analyze
[2026-02-08 16:40:11] Found 11 duplicate files
[2026-02-08 16:40:11] Found 7 backup files
[2026-02-08 16:40:11] Error: name 'optimizations' is not defined
[2026-02-08 16:41:11] System: CPU 1.1%, RAM 19.2%, Disk 85.6%
[2026-02-08 16:41:11] ============================================================
[2026-02-08 16:41:11] Starting optimization cycle
[2026-02-08 16:41:11] Starting codebase scan...
[2026-02-08 16:41:11] Found 75 files to analyze
[2026-02-08 16:41:11] Found 11 duplicate files
[2026-02-08 16:41:11] Found 7 backup files
[2026-02-08 16:41:11] Error: name 'optimizations' is not defined
[2026-02-08 16:42:11] System: CPU 1.1%, RAM 19.1%, Disk 85.6%
[2026-02-08 16:42:11] ============================================================
[2026-02-08 16:42:11] Starting optimization cycle
[2026-02-08 16:42:11] Starting codebase scan...
[2026-02-08 16:42:11] Found 75 files to analyze
[2026-02-08 16:42:11] Found 11 duplicate files
[2026-02-08 16:42:11] Found 7 backup files
[2026-02-08 16:42:11] Error: name 'optimizations' is not defined
[2026-02-08 16:43:11] System: CPU 1.4%, RAM 19.2%, Disk 85.6%
[2026-02-08 16:43:11] ============================================================
[2026-02-08 16:43:11] Starting optimization cycle
[2026-02-08 16:43:11] Starting codebase scan...
[2026-02-08 16:43:11] Found 75 files to analyze
[2026-02-08 16:43:11] Found 11 duplicate files
[2026-02-08 16:43:11] Found 7 backup files
[2026-02-08 16:43:11] Error: name 'optimizations' is not defined
[2026-02-08 16:44:11] System: CPU 1.0%, RAM 19.1%, Disk 85.6%
[2026-02-08 16:44:11] ============================================================
[2026-02-08 16:44:11] Starting optimization cycle
[2026-02-08 16:44:11] Starting codebase scan...
[2026-02-08 16:44:12] Found 75 files to analyze
[2026-02-08 16:44:12] Found 11 duplicate files
[2026-02-08 16:44:12] Found 7 backup files
[2026-02-08 16:44:12] Error: name 'optimizations' is not defined
[2026-02-08 16:45:12] System: CPU 1.2%, RAM 19.2%, Disk 85.6%
[2026-02-08 16:45:12] ============================================================
[2026-02-08 16:45:12] Starting optimization cycle
[2026-02-08 16:45:12] Starting codebase scan...
[2026-02-08 16:45:12] Found 75 files to analyze
[2026-02-08 16:45:12] Found 11 duplicate files
[2026-02-08 16:45:12] Found 7 backup files
[2026-02-08 16:45:12] Error: name 'optimizations' is not defined
[2026-02-08 16:46:12] System: CPU 1.0%, RAM 19.2%, Disk 85.6%
[2026-02-08 16:46:12] ============================================================
[2026-02-08 16:46:12] Starting optimization cycle
[2026-02-08 16:46:12] Starting codebase scan...
[2026-02-08 16:46:12] Found 75 files to analyze
[2026-02-08 16:46:12] Found 11 duplicate files
[2026-02-08 16:46:12] Found 7 backup files
[2026-02-08 16:46:12] Error: name 'optimizations' is not defined
[2026-02-08 16:47:12] System: CPU 1.1%, RAM 19.1%, Disk 85.6%
[2026-02-08 16:47:12] ============================================================
[2026-02-08 16:47:12] Starting optimization cycle
[2026-02-08 16:47:12] Starting codebase scan...
[2026-02-08 16:47:12] Found 76 files to analyze
[2026-02-08 16:47:12] Found 11 duplicate files
[2026-02-08 16:47:12] Found 7 backup files
[2026-02-08 16:47:12] Error: name 'optimizations' is not defined
[2026-02-08 16:48:12] System: CPU 1.0%, RAM 19.2%, Disk 85.6%
[2026-02-08 16:48:12] ============================================================
[2026-02-08 16:48:12] Starting optimization cycle
[2026-02-08 16:48:12] Starting codebase scan...
[2026-02-08 16:48:12] Found 76 files to analyze
[2026-02-08 16:48:12] Found 11 duplicate files
[2026-02-08 16:48:12] Found 7 backup files
[2026-02-08 16:48:13] Error: name 'optimizations' is not defined
[2026-02-08 16:49:13] System: CPU 1.2%, RAM 19.1%, Disk 85.6%
[2026-02-08 16:49:13] ============================================================
[2026-02-08 16:49:13] Starting optimization cycle
[2026-02-08 16:49:13] Starting codebase scan...
[2026-02-08 16:49:13] Found 76 files to analyze
[2026-02-08 16:49:13] Found 11 duplicate files
[2026-02-08 16:49:13] Found 7 backup files
[2026-02-08 16:49:13] Error: name 'optimizations' is not defined
[2026-02-08 16:50:13] System: CPU 1.0%, RAM 19.2%, Disk 85.6%
[2026-02-08 16:50:13] ============================================================
[2026-02-08 16:50:13] Starting optimization cycle
[2026-02-08 16:50:13] Starting codebase scan...
[2026-02-08 16:50:13] Found 76 files to analyze
[2026-02-08 16:50:13] Found 11 duplicate files
[2026-02-08 16:50:13] Found 7 backup files
[2026-02-08 16:50:13] Error: name 'optimizations' is not defined
[2026-02-08 16:51:13] System: CPU 1.2%, RAM 19.1%, Disk 85.6%
[2026-02-08 16:51:13] ============================================================
[2026-02-08 16:51:13] Starting optimization cycle
[2026-02-08 16:51:13] Starting codebase scan...
[2026-02-08 16:51:13] Found 76 files to analyze
[2026-02-08 16:51:13] Found 11 duplicate files
[2026-02-08 16:51:13] Found 7 backup files
[2026-02-08 16:51:13] Error: name 'optimizations' is not defined
[2026-02-08 16:52:13] System: CPU 1.0%, RAM 19.2%, Disk 85.6%
[2026-02-08 16:52:13] ============================================================
[2026-02-08 16:52:13] Starting optimization cycle
[2026-02-08 16:52:13] Starting codebase scan...
[2026-02-08 16:52:13] Found 76 files to analyze
[2026-02-08 16:52:13] Found 11 duplicate files
[2026-02-08 16:52:13] Found 7 backup files
[2026-02-08 16:52:13] Error: name 'optimizations' is not defined
[2026-02-08 16:53:13] System: CPU 1.1%, RAM 19.1%, Disk 85.6%
[2026-02-08 16:53:13] ============================================================
[2026-02-08 16:53:13] Starting optimization cycle
[2026-02-08 16:53:13] Starting codebase scan...
[2026-02-08 16:53:13] Found 76 files to analyze
[2026-02-08 16:53:13] Found 11 duplicate files
[2026-02-08 16:53:13] Found 7 backup files
[2026-02-08 16:53:14] Error: name 'optimizations' is not defined
[2026-02-08 16:54:14] System: CPU 1.1%, RAM 19.3%, Disk 85.6%
[2026-02-08 16:54:14] ============================================================
[2026-02-08 16:54:14] Starting optimization cycle
[2026-02-08 16:54:14] Starting codebase scan...
[2026-02-08 16:54:14] Found 76 files to analyze
[2026-02-08 16:54:14] Found 11 duplicate files
[2026-02-08 16:54:14] Found 7 backup files
[2026-02-08 16:54:14] Error: name 'optimizations' is not defined
[2026-02-08 16:55:14] System: CPU 1.1%, RAM 19.1%, Disk 85.6%
[2026-02-08 16:55:14] ============================================================
[2026-02-08 16:55:14] Starting optimization cycle
[2026-02-08 16:55:14] Starting codebase scan...
[2026-02-08 16:55:14] Found 77 files to analyze
[2026-02-08 16:55:14] Found 11 duplicate files
[2026-02-08 16:55:14] Found 7 backup files
[2026-02-08 16:55:14] Error: name 'optimizations' is not defined
[2026-02-08 16:56:14] System: CPU 1.2%, RAM 19.2%, Disk 85.6%
[2026-02-08 16:56:14] ============================================================
[2026-02-08 16:56:14] Starting optimization cycle
[2026-02-08 16:56:14] Starting codebase scan...
[2026-02-08 16:56:14] Found 76 files to analyze
[2026-02-08 16:56:14] Found 11 duplicate files
[2026-02-08 16:56:14] Found 7 backup files
[2026-02-08 16:56:14] Error: name 'optimizations' is not defined
[2026-02-08 16:57:14] System: CPU 1.1%, RAM 19.2%, Disk 85.6%
[2026-02-08 16:57:14] ============================================================
[2026-02-08 16:57:14] Starting optimization cycle
[2026-02-08 16:57:14] Starting codebase scan...
[2026-02-08 16:57:14] Found 76 files to analyze
[2026-02-08 16:57:14] Found 11 duplicate files
[2026-02-08 16:57:14] Found 7 backup files
[2026-02-08 16:57:14] Error: name 'optimizations' is not defined
[2026-02-08 16:58:14] System: CPU 1.4%, RAM 19.2%, Disk 85.6%
[2026-02-08 16:58:14] ============================================================
[2026-02-08 16:58:14] Starting optimization cycle
[2026-02-08 16:58:14] Starting codebase scan...
[2026-02-08 16:58:15] Found 76 files to analyze
[2026-02-08 16:58:15] Found 11 duplicate files
[2026-02-08 16:58:15] Found 7 backup files
[2026-02-08 16:58:15] Error: name 'optimizations' is not defined
[2026-02-08 16:59:15] System: CPU 1.1%, RAM 19.2%, Disk 85.6%
[2026-02-08 16:59:15] ============================================================
[2026-02-08 16:59:15] Starting optimization cycle
[2026-02-08 16:59:15] Starting codebase scan...
[2026-02-08 16:59:15] Found 76 files to analyze
[2026-02-08 16:59:15] Found 11 duplicate files
[2026-02-08 16:59:15] Found 7 backup files
[2026-02-08 16:59:15] Error: name 'optimizations' is not defined
[2026-02-08 17:00:15] System: CPU 1.1%, RAM 19.4%, Disk 85.6%
[2026-02-08 17:00:15] ============================================================
[2026-02-08 17:00:15] Starting optimization cycle
[2026-02-08 17:00:15] Starting codebase scan...
[2026-02-08 17:00:15] Found 76 files to analyze
[2026-02-08 17:00:15] Found 11 duplicate files
[2026-02-08 17:00:15] Found 7 backup files
[2026-02-08 17:00:15] Error: name 'optimizations' is not defined
[2026-02-08 17:01:15] System: CPU 1.0%, RAM 19.2%, Disk 85.6%
[2026-02-08 17:01:15] ============================================================
[2026-02-08 17:01:15] Starting optimization cycle
[2026-02-08 17:01:15] Starting codebase scan...
[2026-02-08 17:01:15] Found 76 files to analyze
[2026-02-08 17:01:15] Found 11 duplicate files
[2026-02-08 17:01:15] Found 7 backup files
[2026-02-08 17:01:15] Error: name 'optimizations' is not defined
[2026-02-08 17:02:15] System: CPU 1.2%, RAM 19.3%, Disk 85.6%
[2026-02-08 17:02:15] ============================================================
[2026-02-08 17:02:15] Starting optimization cycle
[2026-02-08 17:02:15] Starting codebase scan...
[2026-02-08 17:02:15] Found 76 files to analyze
[2026-02-08 17:02:15] Found 11 duplicate files
[2026-02-08 17:02:15] Found 7 backup files
[2026-02-08 17:02:16] Error: name 'optimizations' is not defined
[2026-02-08 17:03:16] System: CPU 1.0%, RAM 19.3%, Disk 85.6%
[2026-02-08 17:03:16] ============================================================
[2026-02-08 17:03:16] Starting optimization cycle
[2026-02-08 17:03:16] Starting codebase scan...
[2026-02-08 17:03:16] Found 76 files to analyze
[2026-02-08 17:03:16] Found 11 duplicate files
[2026-02-08 17:03:16] Found 7 backup files
[2026-02-08 17:03:16] Error: name 'optimizations' is not defined
[2026-02-08 17:04:16] System: CPU 1.2%, RAM 19.3%, Disk 85.6%
[2026-02-08 17:04:16] ============================================================
[2026-02-08 17:04:16] Starting optimization cycle
[2026-02-08 17:04:16] Starting codebase scan...
[2026-02-08 17:04:16] Found 76 files to analyze
[2026-02-08 17:04:16] Found 11 duplicate files
[2026-02-08 17:04:16] Found 7 backup files
[2026-02-08 17:04:16] Error: name 'optimizations' is not defined
[2026-02-08 17:05:16] System: CPU 1.0%, RAM 19.3%, Disk 85.6%
[2026-02-08 17:05:16] ============================================================
[2026-02-08 17:05:16] Starting optimization cycle
[2026-02-08 17:05:16] Starting codebase scan...
[2026-02-08 17:05:16] Found 76 files to analyze
[2026-02-08 17:05:16] Found 11 duplicate files
[2026-02-08 17:05:16] Found 7 backup files
[2026-02-08 17:05:16] Error: name 'optimizations' is not defined
[2026-02-08 17:06:16] System: CPU 1.1%, RAM 19.1%, Disk 85.6%
[2026-02-08 17:06:16] ============================================================
[2026-02-08 17:06:16] Starting optimization cycle
[2026-02-08 17:06:16] Starting codebase scan...
[2026-02-08 17:06:16] Found 76 files to analyze
[2026-02-08 17:06:16] Found 11 duplicate files
[2026-02-08 17:06:16] Found 7 backup files
[2026-02-08 17:06:16] Error: name 'optimizations' is not defined
[2026-02-08 17:07:16] System: CPU 1.0%, RAM 19.2%, Disk 85.6%
[2026-02-08 17:07:16] ============================================================
[2026-02-08 17:07:16] Starting optimization cycle
[2026-02-08 17:07:16] Starting codebase scan...
[2026-02-08 17:07:16] Found 76 files to analyze
[2026-02-08 17:07:16] Found 11 duplicate files
[2026-02-08 17:07:16] Found 7 backup files
[2026-02-08 17:07:17] Error: name 'optimizations' is not defined
[2026-02-08 17:08:17] System: CPU 1.2%, RAM 19.1%, Disk 85.6%
[2026-02-08 17:08:17] ============================================================
[2026-02-08 17:08:17] Starting optimization cycle
[2026-02-08 17:08:17] Starting codebase scan...
[2026-02-08 17:08:17] Found 76 files to analyze
[2026-02-08 17:08:17] Found 11 duplicate files
[2026-02-08 17:08:17] Found 7 backup files
[2026-02-08 17:08:17] Error: name 'optimizations' is not defined
[2026-02-08 17:09:17] System: CPU 1.0%, RAM 19.2%, Disk 85.6%
[2026-02-08 17:09:17] ============================================================
[2026-02-08 17:09:17] Starting optimization cycle
[2026-02-08 17:09:17] Starting codebase scan...
[2026-02-08 17:09:17] Found 76 files to analyze
[2026-02-08 17:09:17] Found 11 duplicate files
[2026-02-08 17:09:17] Found 7 backup files
[2026-02-08 17:09:17] Error: name 'optimizations' is not defined
[2026-02-08 17:10:17] System: CPU 1.2%, RAM 19.2%, Disk 85.6%
[2026-02-08 17:10:17] ============================================================
[2026-02-08 17:10:17] Starting optimization cycle
[2026-02-08 17:10:17] Starting codebase scan...
[2026-02-08 17:10:17] Found 76 files to analyze
[2026-02-08 17:10:17] Found 11 duplicate files
[2026-02-08 17:10:17] Found 7 backup files
[2026-02-08 17:10:17] Error: name 'optimizations' is not defined
[2026-02-08 17:11:17] System: CPU 1.0%, RAM 19.2%, Disk 85.6%
[2026-02-08 17:11:17] ============================================================
[2026-02-08 17:11:17] Starting optimization cycle
[2026-02-08 17:11:17] Starting codebase scan...
[2026-02-08 17:11:17] Found 76 files to analyze
[2026-02-08 17:11:17] Found 11 duplicate files
[2026-02-08 17:11:17] Found 7 backup files
[2026-02-08 17:11:17] Error: name 'optimizations' is not defined
[2026-02-08 17:12:17] System: CPU 1.1%, RAM 19.1%, Disk 85.6%
[2026-02-08 17:12:17] ============================================================
[2026-02-08 17:12:17] Starting optimization cycle
[2026-02-08 17:12:17] Starting codebase scan...
[2026-02-08 17:12:18] Found 76 files to analyze
[2026-02-08 17:12:18] Found 11 duplicate files
[2026-02-08 17:12:18] Found 7 backup files
[2026-02-08 17:12:18] Error: name 'optimizations' is not defined
[2026-02-08 17:13:18] System: CPU 1.3%, RAM 19.2%, Disk 85.6%
[2026-02-08 17:13:18] ============================================================
[2026-02-08 17:13:18] Starting optimization cycle
[2026-02-08 17:13:18] Starting codebase scan...
[2026-02-08 17:13:18] Found 76 files to analyze
[2026-02-08 17:13:18] Found 11 duplicate files
[2026-02-08 17:13:18] Found 7 backup files
[2026-02-08 17:13:18] Error: name 'optimizations' is not defined
[2026-02-08 17:14:18] System: CPU 1.1%, RAM 19.2%, Disk 85.6%
[2026-02-08 17:14:18] ============================================================
[2026-02-08 17:14:18] Starting optimization cycle
[2026-02-08 17:14:18] Starting codebase scan...
[2026-02-08 17:14:18] Found 76 files to analyze
[2026-02-08 17:14:18] Found 11 duplicate files
[2026-02-08 17:14:18] Found 7 backup files
[2026-02-08 17:14:18] Error: name 'optimizations' is not defined
[2026-02-08 17:15:18] System: CPU 1.0%, RAM 19.2%, Disk 85.6%
[2026-02-08 17:15:18] ============================================================
[2026-02-08 17:15:18] Starting optimization cycle
[2026-02-08 17:15:18] Starting codebase scan...
[2026-02-08 17:15:18] Found 76 files to analyze
[2026-02-08 17:15:18] Found 11 duplicate files
[2026-02-08 17:15:18] Found 7 backup files
[2026-02-08 17:15:18] Error: name 'optimizations' is not defined
[2026-02-08 17:16:18] System: CPU 1.1%, RAM 19.1%, Disk 85.6%
[2026-02-08 17:16:18] ============================================================
[2026-02-08 17:16:18] Starting optimization cycle
[2026-02-08 17:16:18] Starting codebase scan...
[2026-02-08 17:16:18] Found 76 files to analyze
[2026-02-08 17:16:18] Found 11 duplicate files
[2026-02-08 17:16:18] Found 7 backup files
[2026-02-08 17:16:18] Error: name 'optimizations' is not defined
[2026-02-08 17:17:18] System: CPU 1.1%, RAM 19.2%, Disk 85.6%
[2026-02-08 17:17:18] ============================================================
[2026-02-08 17:17:18] Starting optimization cycle
[2026-02-08 17:17:18] Starting codebase scan...
[2026-02-08 17:17:19] Found 76 files to analyze
[2026-02-08 17:17:19] Found 11 duplicate files
[2026-02-08 17:17:19] Found 7 backup files
[2026-02-08 17:17:19] Error: name 'optimizations' is not defined
[2026-02-08 17:18:19] System: CPU 1.1%, RAM 19.2%, Disk 85.6%
[2026-02-08 17:18:19] ============================================================
[2026-02-08 17:18:19] Starting optimization cycle
[2026-02-08 17:18:19] Starting codebase scan...
[2026-02-08 17:18:19] Found 76 files to analyze
[2026-02-08 17:18:19] Found 11 duplicate files
[2026-02-08 17:18:19] Found 7 backup files
[2026-02-08 17:18:19] Error: name 'optimizations' is not defined
[2026-02-08 17:19:19] System: CPU 1.1%, RAM 19.3%, Disk 85.6%
[2026-02-08 17:19:19] ============================================================
[2026-02-08 17:19:19] Starting optimization cycle
[2026-02-08 17:19:19] Starting codebase scan...
[2026-02-08 17:19:19] Found 76 files to analyze
[2026-02-08 17:19:19] Found 11 duplicate files
[2026-02-08 17:19:19] Found 7 backup files
[2026-02-08 17:19:19] Error: name 'optimizations' is not defined
[2026-02-08 17:20:19] System: CPU 1.0%, RAM 19.2%, Disk 85.6%
[2026-02-08 17:20:19] ============================================================
[2026-02-08 17:20:19] Starting optimization cycle
[2026-02-08 17:20:19] Starting codebase scan...
[2026-02-08 17:20:19] Found 76 files to analyze
[2026-02-08 17:20:19] Found 11 duplicate files
[2026-02-08 17:20:19] Found 7 backup files
[2026-02-08 17:20:19] Error: name 'optimizations' is not defined
[2026-02-08 17:21:19] System: CPU 1.1%, RAM 19.2%, Disk 85.6%
[2026-02-08 17:21:19] ============================================================
[2026-02-08 17:21:19] Starting optimization cycle
[2026-02-08 17:21:19] Starting codebase scan...
[2026-02-08 17:21:19] Found 76 files to analyze
[2026-02-08 17:21:19] Found 11 duplicate files
[2026-02-08 17:21:19] Found 7 backup files
[2026-02-08 17:21:20] Error: name 'optimizations' is not defined
[2026-02-08 17:22:20] System: CPU 1.0%, RAM 19.3%, Disk 85.6%
[2026-02-08 17:22:20] ============================================================
[2026-02-08 17:22:20] Starting optimization cycle
[2026-02-08 17:22:20] Starting codebase scan...
[2026-02-08 17:22:20] Found 76 files to analyze
[2026-02-08 17:22:20] Found 11 duplicate files
[2026-02-08 17:22:20] Found 7 backup files
[2026-02-08 17:22:20] Error: name 'optimizations' is not defined
[2026-02-08 17:23:20] System: CPU 1.2%, RAM 19.2%, Disk 85.5%
[2026-02-08 17:23:20] ============================================================
[2026-02-08 17:23:20] Starting optimization cycle
[2026-02-08 17:23:20] Starting codebase scan...
[2026-02-08 17:23:20] Found 76 files to analyze
[2026-02-08 17:23:20] Found 11 duplicate files
[2026-02-08 17:23:20] Found 7 backup files
[2026-02-08 17:23:20] Error: name 'optimizations' is not defined
[2026-02-08 17:24:20] System: CPU 0.9%, RAM 19.1%, Disk 85.5%
[2026-02-08 17:24:20] ============================================================
[2026-02-08 17:24:20] Starting optimization cycle
[2026-02-08 17:24:20] Starting codebase scan...
[2026-02-08 17:24:20] Found 76 files to analyze
[2026-02-08 17:24:20] Found 11 duplicate files
[2026-02-08 17:24:20] Found 7 backup files
[2026-02-08 17:24:20] Error: name 'optimizations' is not defined
[2026-02-08 17:25:20] System: CPU 1.2%, RAM 19.1%, Disk 85.5%
[2026-02-08 17:25:20] ============================================================
[2026-02-08 17:25:20] Starting optimization cycle
[2026-02-08 17:25:20] Starting codebase scan...
[2026-02-08 17:25:20] Found 76 files to analyze
[2026-02-08 17:25:20] Found 11 duplicate files
[2026-02-08 17:25:20] Found 7 backup files
[2026-02-08 17:25:20] Error: name 'optimizations' is not defined
[2026-02-08 17:26:20] System: CPU 1.0%, RAM 19.2%, Disk 85.5%
[2026-02-08 17:26:20] ============================================================
[2026-02-08 17:26:20] Starting optimization cycle
[2026-02-08 17:26:20] Starting codebase scan...
[2026-02-08 17:26:20] Found 76 files to analyze
[2026-02-08 17:26:20] Found 11 duplicate files
[2026-02-08 17:26:20] Found 7 backup files
[2026-02-08 17:26:21] Error: name 'optimizations' is not defined
[2026-02-08 17:27:21] System: CPU 1.2%, RAM 19.1%, Disk 85.5%
[2026-02-08 17:27:21] ============================================================
[2026-02-08 17:27:21] Starting optimization cycle
[2026-02-08 17:27:21] Starting codebase scan...
[2026-02-08 17:27:21] Found 76 files to analyze
[2026-02-08 17:27:21] Found 11 duplicate files
[2026-02-08 17:27:21] Found 7 backup files
[2026-02-08 17:27:21] Error: name 'optimizations' is not defined
[2026-02-08 17:28:21] System: CPU 1.3%, RAM 19.2%, Disk 85.5%
[2026-02-08 17:28:21] ============================================================
[2026-02-08 17:28:21] Starting optimization cycle
[2026-02-08 17:28:21] Starting codebase scan...
[2026-02-08 17:28:21] Found 76 files to analyze
[2026-02-08 17:28:21] Found 11 duplicate files
[2026-02-08 17:28:21] Found 7 backup files
[2026-02-08 17:28:21] Error: name 'optimizations' is not defined
[2026-02-08 17:29:21] System: CPU 1.1%, RAM 19.1%, Disk 85.5%
[2026-02-08 17:29:21] ============================================================
[2026-02-08 17:29:21] Starting optimization cycle
[2026-02-08 17:29:21] Starting codebase scan...
[2026-02-08 17:29:21] Found 76 files to analyze
[2026-02-08 17:29:21] Found 11 duplicate files
[2026-02-08 17:29:21] Found 7 backup files
[2026-02-08 17:29:21] Error: name 'optimizations' is not defined
[2026-02-08 17:30:21] System: CPU 1.0%, RAM 19.2%, Disk 85.5%
[2026-02-08 17:30:21] ============================================================
[2026-02-08 17:30:21] Starting optimization cycle
[2026-02-08 17:30:21] Starting codebase scan...
[2026-02-08 17:30:21] Found 76 files to analyze
[2026-02-08 17:30:21] Found 11 duplicate files
[2026-02-08 17:30:21] Found 7 backup files
[2026-02-08 17:30:21] Error: name 'optimizations' is not defined
[2026-02-08 17:31:21] System: CPU 1.2%, RAM 19.1%, Disk 85.5%
[2026-02-08 17:31:21] ============================================================
[2026-02-08 17:31:21] Starting optimization cycle
[2026-02-08 17:31:21] Starting codebase scan...
[2026-02-08 17:31:22] Found 76 files to analyze
[2026-02-08 17:31:22] Found 11 duplicate files
[2026-02-08 17:31:22] Found 7 backup files
[2026-02-08 17:31:22] Error: name 'optimizations' is not defined
[2026-02-08 17:32:22] System: CPU 2.2%, RAM 19.3%, Disk 85.5%
[2026-02-08 17:32:22] ============================================================
[2026-02-08 17:32:22] Starting optimization cycle
[2026-02-08 17:32:22] Starting codebase scan...32:22] Starting optimization cycle
[2026-02-08 17:32:22] Starting codebase scan...
[2026-02-08 17:32:22] Found 76 files to analyze
[2026-02-08 17:32:22] Found 11 duplicate files
[2026-02-08 17:32:22] Found 7 backup files
[2026-02-08 17:32:22] Error: name 'optimizations' is not defined
[2026-02-08 17:33:22] System: CPU 1.1%, RAM 19.2%, Disk 85.5%
[2026-02-08 17:33:22] Error: AliiAutonomousSystem.log() takes 2 positional arguments but 3 were given
[2026-02-08 17:34:22] System: CPU 1.1%, RAM 19.2%, Disk 85.5%
[2026-02-08 17:34:22] Error: AliiAutonomousSystem.log() takes 2 positional arguments but 3 were given
[2026-02-08 17:35:22] System: CPU 1.1%, RAM 19.2%, Disk 85.5%
[2026-02-08 17:35:22] Error: AliiAutonomousSystem.log() takes 2 positional arguments but 3 were given
[2026-02-08 17:36:22] System: CPU 1.1%, RAM 19.3%, Disk 85.5%
[2026-02-08 17:36:22] Error: AliiAutonomousSystem.log() takes 2 positional arguments but 3 were given
[2026-02-08 17:37:22] System: CPU 1.1%, RAM 19.2%, Disk 85.5%
[2026-02-08 17:37:22] Error: AliiAutonomousSystem.log() takes 2 positional arguments but 3 were given
[2026-02-08 17:38:22] System: CPU 1.1%, RAM 19.2%, Disk 85.5%
[2026-02-08 17:38:22] Error: AliiAutonomousSystem.log() takes 2 positional arguments but 3 were given
[2026-02-08 17:39:22] System: CPU 1.0%, RAM 19.1%, Disk 85.5%
[2026-02-08 17:39:22] Error: AliiAutonomousSystem.log() takes 2 positional arguments but 3 were given
[2026-02-08 17:40:22] System: CPU 1.1%, RAM 19.1%, Disk 85.5%
[2026-02-08 17:40:22] Error: AliiAutonomousSystem.log() takes 2 positional arguments but 3 were given
[2026-02-08 17:41:22] System: CPU 1.0%, RAM 19.2%, Disk 85.5%
[2026-02-08 17:41:22] Error: AliiAutonomousSystem.log() takes 2 positional arguments but 3 were given
[2026-02-08 17:42:22] System: CPU 1.1%, RAM 19.2%, Disk 85.5%
[2026-02-08 17:42:22] Error: AliiAutonomousSystem.log() takes 2 positional arguments but 3 were given
