[2026-02-08 12:16:20] Alii Optimizer Agent starting...
[2026-02-08 12:16:20] ============================================================
[2026-02-08 12:16:20] Starting optimization cycle
[2026-02-08 12:16:20] Starting codebase scan...
[2026-02-08 12:16:20] Found 67 files to analyze
[2026-02-08 12:16:20] Found 10 duplicate files
[2026-02-08 12:16:20] Found 7 backup files
[2026-02-08 12:16:20] Optimized: /home/avalii/moltbot/backup_autoexec.py
[2026-02-08 12:16:20] Optimized: /home/avalii/moltbot/moltbot_master_unified_backup_1770550040.py
[2026-02-08 12:16:20] Optimized: /home/avalii/moltbot/moltbot_backup.py
[2026-02-08 12:16:20] Optimized: /home/avalii/moltbot/moltbot_master_v1_backup.py
[2026-02-08 12:16:20] Optimized: /home/avalii/moltbot/moltbot_master_base.py
[2026-02-08 12:16:20] Optimized: /home/avalii/moltbot/moltbot_redhat_fixed.py
[2026-02-08 12:16:20] Optimized: /home/avalii/moltbot/moltbot_enhanced.py
[2026-02-08 12:16:20] Optimized: /home/avalii/moltbot/backup_020911.py
[2026-02-08 12:16:20] Optimized: /home/avalii/moltbot/alii_optimizer.py
[2026-02-08 12:16:20] Optimized: /home/avalii/moltbot/moltbot_master_unified.py
[2026-02-08 12:16:20] Optimized: /home/avalii/moltbot/moltbot.py
[2026-02-08 12:16:20] Optimized: /home/avalii/moltbot/memory_system.py
[2026-02-08 12:16:20] Optimized: /home/avalii/moltbot/chat_interface.py
[2026-02-08 12:16:20] Optimized: /home/avalii/moltbot/backup_1770514914.py
[2026-02-08 12:16:20] Optimized: /home/avalii/moltbot/moltbot_autonomous.py
[2026-02-08 12:16:20] Error: name 'optimizations' is not defined
[2026-02-08 12:17:20] ============================================================
[2026-02-08 12:17:20] Starting optimization cycle
[2026-02-08 12:17:20] Starting codebase scan...
[2026-02-08 12:17:21] Found 68 files to analyze
[2026-02-08 12:17:21] Found 10 duplicate files
[2026-02-08 12:17:21] Found 7 backup files
[2026-02-08 12:17:21] Error: name 'optimizations' is not defined
[2026-02-08 12:18:21] ============================================================
[2026-02-08 12:18:21] Starting optimization cycle
[2026-02-08 12:18:21] Starting codebase scan...
[2026-02-08 12:18:21] Found 68 files to analyze
[2026-02-08 12:18:21] Found 10 duplicate files
[2026-02-08 12:18:21] Found 7 backup files
[2026-02-08 12:18:21] Error: name 'optimizations' is not defined
[2026-02-08 12:19:21] ============================================================
[2026-02-08 12:19:21] Starting optimization cycle
[2026-02-08 12:19:21] Starting codebase scan...
[2026-02-08 12:19:21] Found 68 files to analyze
[2026-02-08 12:19:21] Found 10 duplicate files
[2026-02-08 12:19:21] Found 7 backup files
[2026-02-08 12:19:21] Error: name 'optimizations' is not defined
[2026-02-08 12:20:21] ============================================================
[2026-02-08 12:20:21] Starting optimization cycle
[2026-02-08 12:20:21] Starting codebase scan...
[2026-02-08 12:20:21] Found 68 files to analyze
[2026-02-08 12:20:21] Found 10 duplicate files
[2026-02-08 12:20:21] Found 7 backup files
[2026-02-08 12:20:21] Error: name 'optimizations' is not defined
[2026-02-08 12:21:21] ============================================================
[2026-02-08 12:21:21] Starting optimization cycle
[2026-02-08 12:21:21] Starting codebase scan...
[2026-02-08 12:21:21] Found 68 files to analyze
[2026-02-08 12:21:21] Found 10 duplicate files
[2026-02-08 12:21:21] Found 7 backup files
[2026-02-08 12:21:22] Error: name 'optimizations' is not defined
[2026-02-08 12:22:22] ============================================================
[2026-02-08 12:22:22] Starting optimization cycle
[2026-02-08 12:22:22] Starting codebase scan...
[2026-02-08 12:22:22] Found 68 files to analyze
[2026-02-08 12:22:22] Found 10 duplicate files
[2026-02-08 12:22:22] Found 7 backup files
[2026-02-08 12:22:22] Error: name 'optimizations' is not defined
[2026-02-08 12:23:22] ============================================================
[2026-02-08 12:23:22] Starting optimization cycle
[2026-02-08 12:23:22] Starting codebase scan...
[2026-02-08 12:23:22] Found 68 files to analyze
[2026-02-08 12:23:22] Found 10 duplicate files
[2026-02-08 12:23:22] Found 7 backup files
[2026-02-08 12:23:22] Error: name 'optimizations' is not defined
[2026-02-08 12:24:22] ============================================================
[2026-02-08 12:24:22] Starting optimization cycle
[2026-02-08 12:24:22] Starting codebase scan...
[2026-02-08 12:24:22] Found 68 files to analyze
[2026-02-08 12:24:22] Found 10 duplicate files
[2026-02-08 12:24:22] Found 7 backup files
[2026-02-08 12:24:22] Error: name 'optimizations' is not defined
[2026-02-08 12:25:22] ============================================================
[2026-02-08 12:25:22] Starting optimization cycle
[2026-02-08 12:25:22] Starting codebase scan...
[2026-02-08 12:25:22] Found 68 files to analyze
[2026-02-08 12:25:22] Found 10 duplicate files
[2026-02-08 12:25:22] Found 7 backup files
[2026-02-08 12:25:22] Error: name 'optimizations' is not defined
[2026-02-08 12:26:22] ============================================================
[2026-02-08 12:26:22] Starting optimization cycle
[2026-02-08 12:26:22] Starting codebase scan...
[2026-02-08 12:26:22] Found 68 files to analyze
[2026-02-08 12:26:22] Found 10 duplicate files
[2026-02-08 12:26:22] Found 7 backup files
[2026-02-08 12:26:23] Error: name 'optimizations' is not defined
[2026-02-08 12:27:23] ============================================================
[2026-02-08 12:27:23] Starting optimization cycle
[2026-02-08 12:27:23] Starting codebase scan...
[2026-02-08 12:27:23] Found 68 files to analyze
[2026-02-08 12:27:23] Found 10 duplicate files
[2026-02-08 12:27:23] Found 7 backup files
[2026-02-08 12:27:23] Error: name 'optimizations' is not defined
[2026-02-08 12:28:23] ============================================================
[2026-02-08 12:28:23] Starting optimization cycle
[2026-02-08 12:28:23] Starting codebase scan...
[2026-02-08 12:28:23] Found 68 files to analyze
[2026-02-08 12:28:23] Found 10 duplicate files
[2026-02-08 12:28:23] Found 7 backup files
[2026-02-08 12:28:23] Error: name 'optimizations' is not defined
[2026-02-08 12:29:23] ============================================================
[2026-02-08 12:29:23] Starting optimization cycle
[2026-02-08 12:29:23] Starting codebase scan...
[2026-02-08 12:29:23] Found 68 files to analyze
[2026-02-08 12:29:23] Found 10 duplicate files
[2026-02-08 12:29:23] Found 7 backup files
[2026-02-08 12:29:23] Error: name 'optimizations' is not defined
[2026-02-08 12:30:23] ============================================================
[2026-02-08 12:30:23] Starting optimization cycle
[2026-02-08 12:30:23] Starting codebase scan...
[2026-02-08 12:30:23] Found 68 files to analyze
[2026-02-08 12:30:23] Found 10 duplicate files
[2026-02-08 12:30:23] Found 7 backup files
[2026-02-08 12:30:23] Error: name 'optimizations' is not defined
[2026-02-08 12:31:23] ============================================================
[2026-02-08 12:31:23] Starting optimization cycle
[2026-02-08 12:31:23] Starting codebase scan...
[2026-02-08 12:31:24] Found 68 files to analyze
[2026-02-08 12:31:24] Found 10 duplicate files
[2026-02-08 12:31:24] Found 7 backup files
[2026-02-08 12:31:24] Error: name 'optimizations' is not defined
[2026-02-08 12:32:24] ============================================================
[2026-02-08 12:32:24] Starting optimization cycle
[2026-02-08 12:32:24] Starting codebase scan...
[2026-02-08 12:32:24] Found 68 files to analyze
[2026-02-08 12:32:24] Found 10 duplicate files
[2026-02-08 12:32:24] Found 7 backup files
[2026-02-08 12:32:24] Error: name 'optimizations' is not defined
[2026-02-08 12:33:24] ============================================================
[2026-02-08 12:33:24] Starting optimization cycle
[2026-02-08 12:33:24] Starting codebase scan...
[2026-02-08 12:33:24] Found 68 files to analyze
[2026-02-08 12:33:24] Found 10 duplicate files
[2026-02-08 12:33:24] Found 7 backup files
[2026-02-08 12:33:24] Error: name 'optimizations' is not defined
[2026-02-08 12:34:24] ============================================================
[2026-02-08 12:34:24] Starting optimization cycle
[2026-02-08 12:34:24] Starting codebase scan...
[2026-02-08 12:34:24] Found 69 files to analyze
[2026-02-08 12:34:24] Found 11 duplicate files
[2026-02-08 12:34:24] Found 7 backup files
[2026-02-08 12:34:24] Error: name 'optimizations' is not defined
[2026-02-08 12:35:24] ============================================================
[2026-02-08 12:35:24] Starting optimization cycle
[2026-02-08 12:35:24] Starting codebase scan...
[2026-02-08 12:35:24] Found 69 files to analyze
[2026-02-08 12:35:24] Found 10 duplicate files
[2026-02-08 12:35:24] Found 7 backup files
[2026-02-08 12:35:24] Optimized: /home/avalii/moltbot/alii_autonomous_system.py
[2026-02-08 12:35:25] Error: name 'optimizations' is not defined
[2026-02-08 12:36:25] ============================================================
[2026-02-08 12:36:25] Starting optimization cycle
[2026-02-08 12:36:25] Starting codebase scan...
[2026-02-08 12:36:25] Found 69 files to analyze
[2026-02-08 12:36:25] Found 10 duplicate files
[2026-02-08 12:36:25] Found 7 backup files
[2026-02-08 12:36:25] Error: name 'optimizations' is not defined
[2026-02-08 12:37:25] ============================================================
[2026-02-08 12:37:25] Starting optimization cycle
[2026-02-08 12:37:25] Starting codebase scan...
[2026-02-08 12:37:25] Found 71 files to analyze
[2026-02-08 12:37:25] Found 10 duplicate files
[2026-02-08 12:37:25] Found 7 backup files
[2026-02-08 12:37:25] Error: name 'optimizations' is not defined
[2026-02-08 12:38:25] ============================================================
[2026-02-08 12:38:25] Starting optimization cycle
[2026-02-08 12:38:25] Starting codebase scan...
[2026-02-08 12:38:25] Found 71 files to analyze
[2026-02-08 12:38:25] Found 10 duplicate files
[2026-02-08 12:38:25] Found 7 backup files
[2026-02-08 12:38:25] Error: name 'optimizations' is not defined
[2026-02-08 12:39:25] ============================================================
[2026-02-08 12:39:25] Starting optimization cycle
[2026-02-08 12:39:25] Starting codebase scan...
[2026-02-08 12:39:25] Found 71 files to analyze
[2026-02-08 12:39:25] Found 10 duplicate files
[2026-02-08 12:39:25] Found 7 backup files
[2026-02-08 12:39:25] Error: name 'optimizations' is not defined
[2026-02-08 12:40:25] ============================================================
[2026-02-08 12:40:25] Starting optimization cycle
[2026-02-08 12:40:25] Starting codebase scan...
[2026-02-08 12:40:25] Found 71 files to analyze
[2026-02-08 12:40:25] Found 10 duplicate files
[2026-02-08 12:40:25] Found 7 backup files
[2026-02-08 12:40:26] Error: name 'optimizations' is not defined
[2026-02-08 12:41:26] ============================================================
[2026-02-08 12:41:26] Starting optimization cycle
[2026-02-08 12:41:26] Starting codebase scan...
[2026-02-08 12:41:26] Found 71 files to analyze
[2026-02-08 12:41:26] Found 10 duplicate files
[2026-02-08 12:41:26] Found 7 backup files
[2026-02-08 12:41:26] Error: name 'optimizations' is not defined
[2026-02-08 12:42:26] ============================================================
[2026-02-08 12:42:26] Starting optimization cycle
[2026-02-08 12:42:26] Starting codebase scan...
[2026-02-08 12:42:26] Found 71 files to analyze
[2026-02-08 12:42:26] Found 10 duplicate files
[2026-02-08 12:42:26] Found 7 backup files
[2026-02-08 12:42:26] Error: name 'optimizations' is not defined
[2026-02-08 12:43:26] ============================================================
[2026-02-08 12:43:26] Starting optimization cycle
[2026-02-08 12:43:26] Starting codebase scan...
[2026-02-08 12:43:26] Found 71 files to analyze
[2026-02-08 12:43:26] Found 10 duplicate files
[2026-02-08 12:43:26] Found 7 backup files
[2026-02-08 12:43:26] Error: name 'optimizations' is not defined
[2026-02-08 12:44:26] ============================================================
[2026-02-08 12:44:26] Starting optimization cycle
[2026-02-08 12:44:26] Starting codebase scan...
[2026-02-08 12:44:26] Found 71 files to analyze
[2026-02-08 12:44:26] Found 10 duplicate files
[2026-02-08 12:44:26] Found 7 backup files
[2026-02-08 12:44:26] Error: name 'optimizations' is not defined
[2026-02-08 12:45:26] ============================================================
[2026-02-08 12:45:26] Starting optimization cycle
[2026-02-08 12:45:26] Starting codebase scan...
[2026-02-08 12:45:27] Found 71 files to analyze
[2026-02-08 12:45:27] Found 10 duplicate files
[2026-02-08 12:45:27] Found 7 backup files
[2026-02-08 12:45:27] Error: name 'optimizations' is not defined
[2026-02-08 12:46:27] ============================================================
[2026-02-08 12:46:27] Starting optimization cycle
[2026-02-08 12:46:27] Starting codebase scan...
[2026-02-08 12:46:27] Found 72 files to analyze
[2026-02-08 12:46:27] Found 11 duplicate files
[2026-02-08 12:46:27] Found 7 backup files
[2026-02-08 12:46:27] Error: name 'optimizations' is not defined
[2026-02-08 12:47:27] ============================================================
[2026-02-08 12:47:27] Starting optimization cycle
[2026-02-08 12:47:27] Starting codebase scan...
[2026-02-08 12:47:27] Found 72 files to analyze
[2026-02-08 12:47:27] Found 10 duplicate files
[2026-02-08 12:47:27] Found 7 backup files
[2026-02-08 12:47:27] Error: name 'optimizations' is not defined
[2026-02-08 12:48:27] ============================================================
[2026-02-08 12:48:27] Starting optimization cycle
[2026-02-08 12:48:27] Starting codebase scan...
[2026-02-08 12:48:27] Found 72 files to analyze
[2026-02-08 12:48:27] Found 10 duplicate files
[2026-02-08 12:48:27] Found 7 backup files
[2026-02-08 12:48:27] Error: name 'optimizations' is not defined
[2026-02-08 12:49:27] ============================================================
[2026-02-08 12:49:27] Starting optimization cycle
[2026-02-08 12:49:27] Starting codebase scan...
[2026-02-08 12:49:27] Found 73 files to analyze
[2026-02-08 12:49:27] Found 10 duplicate files
[2026-02-08 12:49:27] Found 7 backup files
[2026-02-08 12:49:27] Error: name 'optimizations' is not defined
[2026-02-08 12:50:27] ============================================================
[2026-02-08 12:50:27] Starting optimization cycle
[2026-02-08 12:50:27] Starting codebase scan...
[2026-02-08 12:50:28] Found 73 files to analyze
[2026-02-08 12:50:28] Found 10 duplicate files
[2026-02-08 12:50:28] Found 7 backup files
[2026-02-08 12:50:28] Error: name 'optimizations' is not defined
[2026-02-08 12:51:28] ============================================================
[2026-02-08 12:51:28] Starting optimization cycle
[2026-02-08 12:51:28] Starting codebase scan...
[2026-02-08 12:51:28] Found 73 files to analyze
[2026-02-08 12:51:28] Found 10 duplicate files
[2026-02-08 12:51:28] Found 7 backup files
[2026-02-08 12:51:28] Error: name 'optimizations' is not defined
[2026-02-08 12:52:28] ============================================================
[2026-02-08 12:52:28] Starting optimization cycle
[2026-02-08 12:52:28] Starting codebase scan...
[2026-02-08 12:52:28] Found 73 files to analyze
[2026-02-08 12:52:28] Found 10 duplicate files
[2026-02-08 12:52:28] Found 7 backup files
[2026-02-08 12:52:28] Error: name 'optimizations' is not defined
[2026-02-08 12:53:28] ============================================================
[2026-02-08 12:53:28] Starting optimization cycle
[2026-02-08 12:53:28] Starting codebase scan...
[2026-02-08 12:53:28] Found 73 files to analyze
[2026-02-08 12:53:28] Found 10 duplicate files
[2026-02-08 12:53:28] Found 7 backup files
[2026-02-08 12:53:28] Error: name 'optimizations' is not defined
[2026-02-08 12:54:28] ============================================================
[2026-02-08 12:54:28] Starting optimization cycle
[2026-02-08 12:54:28] Starting codebase scan...
[2026-02-08 12:54:28] Found 73 files to analyze
[2026-02-08 12:54:28] Found 10 duplicate files
[2026-02-08 12:54:28] Found 7 backup files
[2026-02-08 12:54:29] Error: name 'optimizations' is not defined
[2026-02-08 12:55:29] ============================================================
[2026-02-08 12:55:29] Starting optimization cycle
[2026-02-08 12:55:29] Starting codebase scan...
[2026-02-08 12:55:29] Found 73 files to analyze
[2026-02-08 12:55:29] Found 10 duplicate files
[2026-02-08 12:55:29] Found 7 backup files
[2026-02-08 12:55:29] Error: name 'optimizations' is not defined
[2026-02-08 12:56:29] ============================================================
[2026-02-08 12:56:29] Starting optimization cycle
[2026-02-08 12:56:29] Starting codebase scan...
[2026-02-08 12:56:29] Found 73 files to analyze
[2026-02-08 12:56:29] Found 10 duplicate files
[2026-02-08 12:56:29] Found 7 backup files
[2026-02-08 12:56:29] Error: name 'optimizations' is not defined
[2026-02-08 12:57:29] ============================================================
[2026-02-08 12:57:29] Starting optimization cycle
[2026-02-08 12:57:29] Starting codebase scan...
[2026-02-08 12:57:29] Found 73 files to analyze
[2026-02-08 12:57:29] Found 10 duplicate files
[2026-02-08 12:57:29] Found 7 backup files
[2026-02-08 12:57:29] Error: name 'optimizations' is not defined
[2026-02-08 12:58:29] ============================================================
[2026-02-08 12:58:29] Starting optimization cycle
[2026-02-08 12:58:29] Starting codebase scan...
[2026-02-08 12:58:29] Found 73 files to analyze
[2026-02-08 12:58:29] Found 10 duplicate files
[2026-02-08 12:58:29] Found 7 backup files
[2026-02-08 12:58:29] Error: name 'optimizations' is not defined
[2026-02-08 12:59:29] ============================================================
[2026-02-08 12:59:29] Starting optimization cycle
[2026-02-08 12:59:29] Starting codebase scan...
[2026-02-08 12:59:29] Found 73 files to analyze
[2026-02-08 12:59:29] Found 10 duplicate files
[2026-02-08 12:59:29] Found 7 backup files
[2026-02-08 12:59:30] Error: name 'optimizations' is not defined
[2026-02-08 13:00:30] ============================================================
[2026-02-08 13:00:30] Starting optimization cycle
[2026-02-08 13:00:30] Starting codebase scan...
[2026-02-08 13:00:30] Found 73 files to analyze
[2026-02-08 13:00:30] Found 10 duplicate files
[2026-02-08 13:00:30] Found 7 backup files
[2026-02-08 13:00:30] Error: name 'optimizations' is not defined
[2026-02-08 13:01:30] ============================================================
[2026-02-08 13:01:30] Starting optimization cycle
[2026-02-08 13:01:30] Starting codebase scan...
[2026-02-08 13:01:30] Found 73 files to analyze
[2026-02-08 13:01:30] Found 10 duplicate files
[2026-02-08 13:01:30] Found 7 backup files
[2026-02-08 13:01:30] Error: name 'optimizations' is not defined
[2026-02-08 13:02:30] ============================================================
[2026-02-08 13:02:30] Starting optimization cycle
[2026-02-08 13:02:30] Starting codebase scan...
[2026-02-08 13:02:30] Found 73 files to analyze
[2026-02-08 13:02:30] Found 10 duplicate files
[2026-02-08 13:02:30] Found 7 backup files
[2026-02-08 13:02:30] Error: name 'optimizations' is not defined
[2026-02-08 13:03:30] ============================================================
[2026-02-08 13:03:30] Starting optimization cycle
[2026-02-08 13:03:30] Starting codebase scan...
[2026-02-08 13:03:30] Found 73 files to analyze
[2026-02-08 13:03:30] Found 10 duplicate files
[2026-02-08 13:03:30] Found 7 backup files
[2026-02-08 13:03:30] Error: name 'optimizations' is not defined
[2026-02-08 13:04:30] ============================================================
[2026-02-08 13:04:30] Starting optimization cycle
[2026-02-08 13:04:30] Starting codebase scan...
[2026-02-08 13:04:31] Found 73 files to analyze
[2026-02-08 13:04:31] Found 10 duplicate files
[2026-02-08 13:04:31] Found 7 backup files
[2026-02-08 13:04:31] Error: name 'optimizations' is not defined
[2026-02-08 13:05:31] ============================================================
[2026-02-08 13:05:31] Starting optimization cycle
[2026-02-08 13:05:31] Starting codebase scan...
[2026-02-08 13:05:31] Found 73 files to analyze
[2026-02-08 13:05:31] Found 10 duplicate files
[2026-02-08 13:05:31] Found 7 backup files
[2026-02-08 13:05:31] Error: name 'optimizations' is not defined
[2026-02-08 13:06:31] ============================================================
[2026-02-08 13:06:31] Starting optimization cycle
[2026-02-08 13:06:31] Starting codebase scan...
[2026-02-08 13:06:31] Found 73 files to analyze
[2026-02-08 13:06:31] Found 10 duplicate files
[2026-02-08 13:06:31] Found 7 backup files
[2026-02-08 13:06:31] Error: name 'optimizations' is not defined
[2026-02-08 13:07:31] ============================================================
[2026-02-08 13:07:31] Starting optimization cycle
[2026-02-08 13:07:31] Starting codebase scan...
[2026-02-08 13:07:31] Found 73 files to analyze
[2026-02-08 13:07:31] Found 10 duplicate files
[2026-02-08 13:07:31] Found 7 backup files
[2026-02-08 13:07:31] Error: name 'optimizations' is not defined
[2026-02-08 13:08:31] ============================================================
[2026-02-08 13:08:31] Starting optimization cycle
[2026-02-08 13:08:31] Starting codebase scan...
[2026-02-08 13:08:31] Found 73 files to analyze
[2026-02-08 13:08:31] Found 10 duplicate files
[2026-02-08 13:08:31] Found 7 backup files
[2026-02-08 13:08:32] Error: name 'optimizations' is not defined
[2026-02-08 13:09:32] ============================================================
[2026-02-08 13:09:32] Starting optimization cycle
[2026-02-08 13:09:32] Starting codebase scan...
[2026-02-08 13:09:32] Found 73 files to analyze
[2026-02-08 13:09:32] Found 10 duplicate files
[2026-02-08 13:09:32] Found 7 backup files
[2026-02-08 13:09:32] Error: name 'optimizations' is not defined
[2026-02-08 13:10:32] ============================================================
[2026-02-08 13:10:32] Starting optimization cycle
[2026-02-08 13:10:32] Starting codebase scan...
[2026-02-08 13:10:32] Found 73 files to analyze
[2026-02-08 13:10:32] Found 10 duplicate files
[2026-02-08 13:10:32] Found 7 backup files
[2026-02-08 13:10:32] Error: name 'optimizations' is not defined
[2026-02-08 13:11:32] ============================================================
[2026-02-08 13:11:32] Starting optimization cycle
[2026-02-08 13:11:32] Starting codebase scan...
[2026-02-08 13:11:32] Found 73 files to analyze
[2026-02-08 13:11:32] Found 10 duplicate files
[2026-02-08 13:11:32] Found 7 backup files
[2026-02-08 13:11:32] Error: name 'optimizations' is not defined
[2026-02-08 13:12:32] ============================================================
[2026-02-08 13:12:32] Starting optimization cycle
[2026-02-08 13:12:32] Starting codebase scan...
[2026-02-08 13:12:32] Found 73 files to analyze
[2026-02-08 13:12:32] Found 10 duplicate files
[2026-02-08 13:12:32] Found 7 backup files
[2026-02-08 13:12:32] Error: name 'optimizations' is not defined
[2026-02-08 13:13:32] ============================================================
[2026-02-08 13:13:32] Starting optimization cycle
[2026-02-08 13:13:32] Starting codebase scan...
[2026-02-08 13:13:32] Found 73 files to analyze
[2026-02-08 13:13:32] Found 10 duplicate files
[2026-02-08 13:13:32] Found 7 backup files
[2026-02-08 13:13:33] Error: name 'optimizations' is not defined
[2026-02-08 13:14:33] ============================================================
[2026-02-08 13:14:33] Starting optimization cycle
[2026-02-08 13:14:33] Starting codebase scan...
[2026-02-08 13:14:33] Found 73 files to analyze
[2026-02-08 13:14:33] Found 10 duplicate files
[2026-02-08 13:14:33] Found 7 backup files
[2026-02-08 13:14:33] Error: name 'optimizations' is not defined
[2026-02-08 13:15:33] ============================================================
[2026-02-08 13:15:33] Starting optimization cycle
[2026-02-08 13:15:33] Starting codebase scan...
[2026-02-08 13:15:33] Found 73 files to analyze
[2026-02-08 13:15:33] Found 10 duplicate files
[2026-02-08 13:15:33] Found 7 backup files
[2026-02-08 13:15:33] Error: name 'optimizations' is not defined
[2026-02-08 13:16:33] ============================================================
[2026-02-08 13:16:33] Starting optimization cycle
[2026-02-08 13:16:33] Starting codebase scan...
[2026-02-08 13:16:33] Found 73 files to analyze
[2026-02-08 13:16:33] Found 10 duplicate files
[2026-02-08 13:16:33] Found 7 backup files
[2026-02-08 13:16:33] Error: name 'optimizations' is not defined
[2026-02-08 13:17:33] ============================================================
[2026-02-08 13:17:33] Starting optimization cycle
[2026-02-08 13:17:33] Starting codebase scan...
[2026-02-08 13:17:33] Found 73 files to analyze
[2026-02-08 13:17:33] Found 10 duplicate files
[2026-02-08 13:17:33] Found 7 backup files
[2026-02-08 13:17:33] Error: name 'optimizations' is not defined
[2026-02-08 13:18:33] ============================================================
[2026-02-08 13:18:33] Starting optimization cycle
[2026-02-08 13:18:33] Starting codebase scan...
[2026-02-08 13:18:34] Found 73 files to analyze
[2026-02-08 13:18:34] Found 10 duplicate files
[2026-02-08 13:18:34] Found 7 backup files
[2026-02-08 13:18:34] Error: name 'optimizations' is not defined
[2026-02-08 13:19:34] ============================================================
[2026-02-08 13:19:34] Starting optimization cycle
[2026-02-08 13:19:34] Starting codebase scan...
[2026-02-08 13:19:34] Found 73 files to analyze
[2026-02-08 13:19:34] Found 10 duplicate files
[2026-02-08 13:19:34] Found 7 backup files
[2026-02-08 13:19:34] Error: name 'optimizations' is not defined
[2026-02-08 13:20:34] ============================================================
[2026-02-08 13:20:34] Starting optimization cycle
[2026-02-08 13:20:34] Starting codebase scan...
[2026-02-08 13:20:34] Found 73 files to analyze
[2026-02-08 13:20:34] Found 10 duplicate files
[2026-02-08 13:20:34] Found 7 backup files
[2026-02-08 13:20:34] Error: name 'optimizations' is not defined
[2026-02-08 13:21:34] ============================================================
[2026-02-08 13:21:34] Starting optimization cycle
[2026-02-08 13:21:34] Starting codebase scan...
[2026-02-08 13:21:34] Found 73 files to analyze
[2026-02-08 13:21:34] Found 10 duplicate files
[2026-02-08 13:21:34] Found 7 backup files
[2026-02-08 13:21:34] Error: name 'optimizations' is not defined
[2026-02-08 13:22:34] ============================================================
[2026-02-08 13:22:34] Starting optimization cycle
[2026-02-08 13:22:34] Starting codebase scan...
[2026-02-08 13:22:34] Found 73 files to analyze
[2026-02-08 13:22:34] Found 10 duplicate files
[2026-02-08 13:22:34] Found 7 backup files
[2026-02-08 13:22:34] Error: name 'optimizations' is not defined
[2026-02-08 13:23:34] ============================================================
[2026-02-08 13:23:34] Starting optimization cycle
[2026-02-08 13:23:34] Starting codebase scan...
[2026-02-08 13:23:35] Found 73 files to analyze
[2026-02-08 13:23:35] Found 10 duplicate files
[2026-02-08 13:23:35] Found 7 backup files
[2026-02-08 13:23:35] Error: name 'optimizations' is not defined
[2026-02-08 13:24:35] ============================================================
[2026-02-08 13:24:35] Starting optimization cycle
[2026-02-08 13:24:35] Starting codebase scan...
[2026-02-08 13:24:35] Found 73 files to analyze
[2026-02-08 13:24:35] Found 10 duplicate files
[2026-02-08 13:24:35] Found 7 backup files
[2026-02-08 13:24:35] Error: name 'optimizations' is not defined
[2026-02-08 13:25:35] ============================================================
[2026-02-08 13:25:35] Starting optimization cycle
[2026-02-08 13:25:35] Starting codebase scan...
[2026-02-08 13:25:35] Found 73 files to analyze
[2026-02-08 13:25:35] Found 10 duplicate files
[2026-02-08 13:25:35] Found 7 backup files
[2026-02-08 13:25:35] Error: name 'optimizations' is not defined
[2026-02-08 13:26:35] ============================================================
[2026-02-08 13:26:35] Starting optimization cycle
[2026-02-08 13:26:35] Starting codebase scan...
[2026-02-08 13:26:35] Found 73 files to analyze
[2026-02-08 13:26:35] Found 10 duplicate files
[2026-02-08 13:26:35] Found 7 backup files
[2026-02-08 13:26:35] Error: name 'optimizations' is not defined
[2026-02-08 13:27:35] ============================================================
[2026-02-08 13:27:35] Starting optimization cycle
[2026-02-08 13:27:35] Starting codebase scan...
[2026-02-08 13:27:35] Found 73 files to analyze
[2026-02-08 13:27:35] Found 10 duplicate files
[2026-02-08 13:27:35] Found 7 backup files
[2026-02-08 13:27:36] Error: name 'optimizations' is not defined
[2026-02-08 13:28:36] ============================================================
[2026-02-08 13:28:36] Starting optimization cycle
[2026-02-08 13:28:36] Starting codebase scan...
[2026-02-08 13:28:36] Found 73 files to analyze
[2026-02-08 13:28:36] Found 10 duplicate files
[2026-02-08 13:28:36] Found 7 backup files
[2026-02-08 13:28:36] Error: name 'optimizations' is not defined
[2026-02-08 13:29:36] ============================================================
[2026-02-08 13:29:36] Starting optimization cycle
[2026-02-08 13:29:36] Starting codebase scan...
[2026-02-08 13:29:36] Found 73 files to analyze
[2026-02-08 13:29:36] Found 10 duplicate files
[2026-02-08 13:29:36] Found 7 backup files
[2026-02-08 13:29:36] Error: name 'optimizations' is not defined
[2026-02-08 13:30:36] ============================================================
[2026-02-08 13:30:36] Starting optimization cycle
[2026-02-08 13:30:36] Starting codebase scan...
[2026-02-08 13:30:36] Found 73 files to analyze
[2026-02-08 13:30:36] Found 10 duplicate files
[2026-02-08 13:30:36] Found 7 backup files
[2026-02-08 13:30:36] Error: name 'optimizations' is not defined
[2026-02-08 13:31:36] ============================================================
[2026-02-08 13:31:36] Starting optimization cycle
[2026-02-08 13:31:36] Starting codebase scan...
[2026-02-08 13:31:36] Found 73 files to analyze
[2026-02-08 13:31:36] Found 10 duplicate files
[2026-02-08 13:31:36] Found 7 backup files
[2026-02-08 13:31:36] Error: name 'optimizations' is not defined
[2026-02-08 13:32:36] ============================================================
[2026-02-08 13:32:36] Starting optimization cycle
[2026-02-08 13:32:36] Starting codebase scan...
[2026-02-08 13:32:36] Found 73 files to analyze
[2026-02-08 13:32:36] Found 10 duplicate files
[2026-02-08 13:32:36] Found 7 backup files
[2026-02-08 13:32:37] Error: name 'optimizations' is not defined
[2026-02-08 13:33:37] ============================================================
[2026-02-08 13:33:37] Starting optimization cycle
[2026-02-08 13:33:37] Starting codebase scan...
[2026-02-08 13:33:37] Found 73 files to analyze
[2026-02-08 13:33:37] Found 10 duplicate files
[2026-02-08 13:33:37] Found 7 backup files
[2026-02-08 13:33:37] Error: name 'optimizations' is not defined
[2026-02-08 13:34:37] ============================================================
[2026-02-08 13:34:37] Starting optimization cycle
[2026-02-08 13:34:37] Starting codebase scan...
[2026-02-08 13:34:37] Found 73 files to analyze
[2026-02-08 13:34:37] Found 10 duplicate files
[2026-02-08 13:34:37] Found 7 backup files
[2026-02-08 13:34:37] Error: name 'optimizations' is not defined
[2026-02-08 13:35:37] ============================================================
[2026-02-08 13:35:37] Starting optimization cycle
[2026-02-08 13:35:37] Starting codebase scan...
[2026-02-08 13:35:37] Found 73 files to analyze
[2026-02-08 13:35:37] Found 10 duplicate files
[2026-02-08 13:35:37] Found 7 backup files
[2026-02-08 13:35:37] Error: name 'optimizations' is not defined
[2026-02-08 13:36:37] ============================================================
[2026-02-08 13:36:37] Starting optimization cycle
[2026-02-08 13:36:37] Starting codebase scan...
[2026-02-08 13:36:37] Found 73 files to analyze
[2026-02-08 13:36:37] Found 10 duplicate files
[2026-02-08 13:36:37] Found 7 backup files
[2026-02-08 13:36:37] Error: name 'optimizations' is not defined
[2026-02-08 13:37:37] ============================================================
[2026-02-08 13:37:37] Starting optimization cycle
[2026-02-08 13:37:37] Starting codebase scan...
[2026-02-08 13:37:38] Found 73 files to analyze
[2026-02-08 13:37:38] Found 10 duplicate files
[2026-02-08 13:37:38] Found 7 backup files
[2026-02-08 13:37:38] Error: name 'optimizations' is not defined
[2026-02-08 13:38:38] ============================================================
[2026-02-08 13:38:38] Starting optimization cycle
[2026-02-08 13:38:38] Starting codebase scan...
[2026-02-08 13:38:38] Found 73 files to analyze
[2026-02-08 13:38:38] Found 10 duplicate files
[2026-02-08 13:38:38] Found 7 backup files
[2026-02-08 13:38:38] Error: name 'optimizations' is not defined
[2026-02-08 13:39:38] ============================================================
[2026-02-08 13:39:38] Starting optimization cycle
[2026-02-08 13:39:38] Starting codebase scan...
[2026-02-08 13:39:38] Found 73 files to analyze
[2026-02-08 13:39:38] Found 10 duplicate files
[2026-02-08 13:39:38] Found 7 backup files
[2026-02-08 13:39:38] Error: name 'optimizations' is not defined
[2026-02-08 13:40:38] ============================================================
[2026-02-08 13:40:38] Starting optimization cycle
[2026-02-08 13:40:38] Starting codebase scan...
[2026-02-08 13:40:38] Found 73 files to analyze
[2026-02-08 13:40:38] Found 10 duplicate files
[2026-02-08 13:40:38] Found 7 backup files
[2026-02-08 13:40:38] Error: name 'optimizations' is not defined
[2026-02-08 13:41:38] ============================================================
[2026-02-08 13:41:38] Starting optimization cycle
[2026-02-08 13:41:38] Starting codebase scan...
[2026-02-08 13:41:38] Found 73 files to analyze
[2026-02-08 13:41:38] Found 10 duplicate files
[2026-02-08 13:41:38] Found 7 backup files
[2026-02-08 13:41:39] Error: name 'optimizations' is not defined
[2026-02-08 13:42:39] ============================================================
[2026-02-08 13:42:39] Starting optimization cycle
[2026-02-08 13:42:39] Starting codebase scan...
[2026-02-08 13:42:39] Found 73 files to analyze
[2026-02-08 13:42:39] Found 10 duplicate files
[2026-02-08 13:42:39] Found 7 backup files
[2026-02-08 13:42:39] Error: name 'optimizations' is not defined
[2026-02-08 13:43:39] ============================================================
[2026-02-08 13:43:39] Starting optimization cycle
[2026-02-08 13:43:39] Starting codebase scan...
[2026-02-08 13:43:39] Found 73 files to analyze
[2026-02-08 13:43:39] Found 10 duplicate files
[2026-02-08 13:43:39] Found 7 backup files
[2026-02-08 13:43:39] Error: name 'optimizations' is not defined
[2026-02-08 13:44:39] ============================================================
[2026-02-08 13:44:39] Starting optimization cycle
[2026-02-08 13:44:39] Starting codebase scan...
[2026-02-08 13:44:39] Found 73 files to analyze
[2026-02-08 13:44:39] Found 10 duplicate files
[2026-02-08 13:44:39] Found 7 backup files
[2026-02-08 13:44:39] Error: name 'optimizations' is not defined
[2026-02-08 13:45:39] ============================================================
[2026-02-08 13:45:40] Starting optimization cycle
[2026-02-08 13:45:40] Starting codebase scan...
[2026-02-08 13:45:40] Found 73 files to analyze
[2026-02-08 13:45:40] Found 10 duplicate files
[2026-02-08 13:45:40] Found 7 backup files
[2026-02-08 13:45:41] Error: name 'optimizations' is not defined
[2026-02-08 13:46:41] ============================================================
[2026-02-08 13:46:41] Starting optimization cycle
[2026-02-08 13:46:41] Starting codebase scan...
[2026-02-08 13:46:41] Found 73 files to analyze
[2026-02-08 13:46:41] Found 10 duplicate files
[2026-02-08 13:46:41] Found 7 backup files
[2026-02-08 13:46:41] Error: name 'optimizations' is not defined
[2026-02-08 13:47:41] ============================================================
[2026-02-08 13:47:41] Starting optimization cycle
[2026-02-08 13:47:41] Starting codebase scan...
[2026-02-08 13:47:41] Found 73 files to analyze
[2026-02-08 13:47:41] Found 10 duplicate files
[2026-02-08 13:47:41] Found 7 backup files
[2026-02-08 13:47:41] Error: name 'optimizations' is not defined
[2026-02-08 13:48:41] ============================================================
[2026-02-08 13:48:41] Starting optimization cycle
[2026-02-08 13:48:41] Starting codebase scan...
[2026-02-08 13:48:41] Found 73 files to analyze
[2026-02-08 13:48:41] Found 10 duplicate files
[2026-02-08 13:48:41] Found 7 backup files
[2026-02-08 13:48:41] Error: name 'optimizations' is not defined
[2026-02-08 13:49:41] ============================================================
[2026-02-08 13:49:41] Starting optimization cycle
[2026-02-08 13:49:41] Starting codebase scan...
[2026-02-08 13:49:42] Found 73 files to analyze
[2026-02-08 13:49:42] Found 10 duplicate files
[2026-02-08 13:49:42] Found 7 backup files
[2026-02-08 13:49:42] Error: name 'optimizations' is not defined
[2026-02-08 13:50:42] ============================================================
[2026-02-08 13:50:42] Starting optimization cycle
[2026-02-08 13:50:42] Starting codebase scan...
[2026-02-08 13:50:42] Found 73 files to analyze
[2026-02-08 13:50:42] Found 10 duplicate files
[2026-02-08 13:50:42] Found 7 backup files
[2026-02-08 13:50:42] Error: name 'optimizations' is not defined
[2026-02-08 13:51:42] ============================================================
[2026-02-08 13:51:42] Starting optimization cycle
[2026-02-08 13:51:42] Starting codebase scan...
[2026-02-08 13:51:42] Found 73 files to analyze
[2026-02-08 13:51:42] Found 10 duplicate files
[2026-02-08 13:51:42] Found 7 backup files
[2026-02-08 13:51:42] Error: name 'optimizations' is not defined
[2026-02-08 13:52:42] ============================================================
[2026-02-08 13:52:42] Starting optimization cycle
[2026-02-08 13:52:42] Starting codebase scan...
[2026-02-08 13:52:42] Found 73 files to analyze
[2026-02-08 13:52:42] Found 10 duplicate files
[2026-02-08 13:52:42] Found 7 backup files
[2026-02-08 13:52:42] Error: name 'optimizations' is not defined
[2026-02-08 13:53:42] ============================================================
[2026-02-08 13:53:42] Starting optimization cycle
[2026-02-08 13:53:42] Starting codebase scan...
[2026-02-08 13:53:42] Found 73 files to analyze
[2026-02-08 13:53:42] Found 10 duplicate files
[2026-02-08 13:53:42] Found 7 backup files
[2026-02-08 13:53:43] Error: name 'optimizations' is not defined
[2026-02-08 13:54:43] ============================================================
[2026-02-08 13:54:43] Starting optimization cycle
[2026-02-08 13:54:43] Starting codebase scan...
[2026-02-08 13:54:43] Found 73 files to analyze
[2026-02-08 13:54:43] Found 10 duplicate files
[2026-02-08 13:54:43] Found 7 backup files
[2026-02-08 13:54:43] Error: name 'optimizations' is not defined
[2026-02-08 13:55:43] ============================================================
[2026-02-08 13:55:43] Starting optimization cycle
[2026-02-08 13:55:43] Starting codebase scan...
[2026-02-08 13:55:43] Found 73 files to analyze
[2026-02-08 13:55:43] Found 10 duplicate files
[2026-02-08 13:55:43] Found 7 backup files
[2026-02-08 13:55:43] Error: name 'optimizations' is not defined
[2026-02-08 13:56:43] ============================================================
[2026-02-08 13:56:43] Starting optimization cycle
[2026-02-08 13:56:43] Starting codebase scan...
[2026-02-08 13:56:43] Found 73 files to analyze
[2026-02-08 13:56:43] Found 10 duplicate files
[2026-02-08 13:56:43] Found 7 backup files
[2026-02-08 13:56:43] Error: name 'optimizations' is not defined
[2026-02-08 13:57:43] ============================================================
[2026-02-08 13:57:43] Starting optimization cycle
[2026-02-08 13:57:43] Starting codebase scan...
[2026-02-08 13:57:43] Found 73 files to analyze
[2026-02-08 13:57:43] Found 10 duplicate files
[2026-02-08 13:57:43] Found 7 backup files
[2026-02-08 13:57:43] Error: name 'optimizations' is not defined
[2026-02-08 13:58:43] ============================================================
[2026-02-08 13:58:43] Starting optimization cycle
[2026-02-08 13:58:43] Starting codebase scan...
[2026-02-08 13:58:43] Found 73 files to analyze
[2026-02-08 13:58:43] Found 10 duplicate files
[2026-02-08 13:58:43] Found 7 backup files
[2026-02-08 13:58:44] Error: name 'optimizations' is not defined
[2026-02-08 13:59:44] ============================================================
[2026-02-08 13:59:44] Starting optimization cycle
[2026-02-08 13:59:44] Starting codebase scan...
[2026-02-08 13:59:44] Found 73 files to analyze
[2026-02-08 13:59:44] Found 10 duplicate files
[2026-02-08 13:59:44] Found 7 backup files
[2026-02-08 13:59:44] Error: name 'optimizations' is not defined
[2026-02-08 14:00:44] ============================================================
[2026-02-08 14:00:44] Starting optimization cycle
[2026-02-08 14:00:44] Starting codebase scan...
[2026-02-08 14:00:44] Found 73 files to analyze
[2026-02-08 14:00:44] Found 10 duplicate files
[2026-02-08 14:00:44] Found 7 backup files
[2026-02-08 14:00:44] Error: name 'optimizations' is not defined
[2026-02-08 14:01:44] ============================================================
[2026-02-08 14:01:44] Starting optimization cycle
[2026-02-08 14:01:44] Starting codebase scan...
[2026-02-08 14:01:44] Found 73 files to analyze
[2026-02-08 14:01:44] Found 10 duplicate files
[2026-02-08 14:01:44] Found 7 backup files
[2026-02-08 14:01:44] Error: name 'optimizations' is not defined
[2026-02-08 14:02:44] ============================================================
[2026-02-08 14:02:44] Starting optimization cycle
[2026-02-08 14:02:44] Starting codebase scan...
[2026-02-08 14:02:44] Found 73 files to analyze
[2026-02-08 14:02:44] Found 10 duplicate files
[2026-02-08 14:02:44] Found 7 backup files
[2026-02-08 14:02:45] Error: name 'optimizations' is not defined
[2026-02-08 14:03:45] ============================================================
[2026-02-08 14:03:45] Starting optimization cycle
[2026-02-08 14:03:45] Starting codebase scan...
[2026-02-08 14:03:45] Found 73 files to analyze
[2026-02-08 14:03:45] Found 10 duplicate files
[2026-02-08 14:03:45] Found 7 backup files
[2026-02-08 14:03:45] Error: name 'optimizations' is not defined
[2026-02-08 14:04:45] ============================================================
[2026-02-08 14:04:45] Starting optimization cycle
[2026-02-08 14:04:45] Starting codebase scan...
[2026-02-08 14:04:45] Found 73 files to analyze
[2026-02-08 14:04:45] Found 10 duplicate files
[2026-02-08 14:04:45] Found 7 backup files
[2026-02-08 14:04:45] Error: name 'optimizations' is not defined
[2026-02-08 14:05:45] ============================================================
[2026-02-08 14:05:45] Starting optimization cycle
[2026-02-08 14:05:45] Starting codebase scan...
[2026-02-08 14:05:45] Found 73 files to analyze
[2026-02-08 14:05:45] Found 10 duplicate files
[2026-02-08 14:05:45] Found 7 backup files
[2026-02-08 14:05:45] Error: name 'optimizations' is not defined
[2026-02-08 14:06:45] ============================================================
[2026-02-08 14:06:45] Starting optimization cycle
[2026-02-08 14:06:45] Starting codebase scan...
[2026-02-08 14:06:45] Found 73 files to analyze
[2026-02-08 14:06:45] Found 10 duplicate files
[2026-02-08 14:06:45] Found 7 backup files
[2026-02-08 14:06:45] Error: name 'optimizations' is not defined
[2026-02-08 14:07:45] ============================================================
[2026-02-08 14:07:45] Starting optimization cycle
[2026-02-08 14:07:45] Starting codebase scan...
[2026-02-08 14:07:45] Found 73 files to analyze
[2026-02-08 14:07:45] Found 10 duplicate files
[2026-02-08 14:07:45] Found 7 backup files
[2026-02-08 14:07:46] Error: name 'optimizations' is not defined
[2026-02-08 14:08:46] ============================================================
[2026-02-08 14:08:46] Starting optimization cycle
[2026-02-08 14:08:46] Starting codebase scan...
[2026-02-08 14:08:46] Found 73 files to analyze
[2026-02-08 14:08:46] Found 10 duplicate files
[2026-02-08 14:08:46] Found 7 backup files
[2026-02-08 14:08:46] Error: name 'optimizations' is not defined
[2026-02-08 14:09:46] ============================================================
[2026-02-08 14:09:46] Starting optimization cycle
[2026-02-08 14:09:46] Starting codebase scan...
[2026-02-08 14:09:46] Found 73 files to analyze
[2026-02-08 14:09:46] Found 10 duplicate files
[2026-02-08 14:09:46] Found 7 backup files
[2026-02-08 14:09:46] Error: name 'optimizations' is not defined
[2026-02-08 14:10:46] ============================================================
[2026-02-08 14:10:46] Starting optimization cycle
[2026-02-08 14:10:46] Starting codebase scan...
[2026-02-08 14:10:46] Found 73 files to analyze
[2026-02-08 14:10:46] Found 10 duplicate files
[2026-02-08 14:10:46] Found 7 backup files
[2026-02-08 14:10:46] Error: name 'optimizations' is not defined
[2026-02-08 14:11:46] ============================================================
[2026-02-08 14:11:46] Starting optimization cycle
[2026-02-08 14:11:46] Starting codebase scan...
[2026-02-08 14:11:47] Found 73 files to analyze
[2026-02-08 14:11:47] Found 10 duplicate files
[2026-02-08 14:11:47] Found 7 backup files
[2026-02-08 14:11:47] Error: name 'optimizations' is not defined
[2026-02-08 14:12:47] ============================================================
[2026-02-08 14:12:47] Starting optimization cycle
[2026-02-08 14:12:47] Starting codebase scan...
[2026-02-08 14:12:47] Found 73 files to analyze
[2026-02-08 14:12:47] Found 10 duplicate files
[2026-02-08 14:12:47] Found 7 backup files
[2026-02-08 14:12:47] Error: name 'optimizations' is not defined
[2026-02-08 14:13:47] ============================================================
[2026-02-08 14:13:47] Starting optimization cycle
[2026-02-08 14:13:47] Starting codebase scan...
[2026-02-08 14:13:47] Found 73 files to analyze
[2026-02-08 14:13:47] Found 10 duplicate files
[2026-02-08 14:13:47] Found 7 backup files
[2026-02-08 14:13:47] Error: name 'optimizations' is not defined
[2026-02-08 14:14:47] ============================================================
[2026-02-08 14:14:47] Starting optimization cycle
[2026-02-08 14:14:47] Starting codebase scan...
[2026-02-08 14:14:47] Found 73 files to analyze
[2026-02-08 14:14:47] Found 10 duplicate files
[2026-02-08 14:14:47] Found 7 backup files
[2026-02-08 14:14:47] Error: name 'optimizations' is not defined
[2026-02-08 14:15:47] ============================================================
[2026-02-08 14:15:47] Starting optimization cycle
[2026-02-08 14:15:47] Starting codebase scan...
[2026-02-08 14:15:47] Found 73 files to analyze
[2026-02-08 14:15:47] Found 10 duplicate files
[2026-02-08 14:15:47] Found 7 backup files
[2026-02-08 14:15:48] Error: name 'optimizations' is not defined
[2026-02-08 14:16:48] ============================================================
[2026-02-08 14:16:48] Starting optimization cycle
[2026-02-08 14:16:48] Starting codebase scan...
[2026-02-08 14:16:48] Found 73 files to analyze
[2026-02-08 14:16:48] Found 10 duplicate files
[2026-02-08 14:16:48] Found 7 backup files
[2026-02-08 14:16:48] Error: name 'optimizations' is not defined
[2026-02-08 14:17:48] ============================================================
[2026-02-08 14:17:48] Starting optimization cycle
[2026-02-08 14:17:48] Starting codebase scan...
[2026-02-08 14:17:48] Found 73 files to analyze
[2026-02-08 14:17:48] Found 10 duplicate files
[2026-02-08 14:17:48] Found 7 backup files
[2026-02-08 14:17:48] Error: name 'optimizations' is not defined
[2026-02-08 14:18:48] ============================================================
[2026-02-08 14:18:48] Starting optimization cycle
[2026-02-08 14:18:48] Starting codebase scan...
[2026-02-08 14:18:48] Found 73 files to analyze
[2026-02-08 14:18:48] Found 10 duplicate files
[2026-02-08 14:18:48] Found 7 backup files
[2026-02-08 14:18:49] Error: name 'optimizations' is not defined
[2026-02-08 14:19:49] ============================================================
[2026-02-08 14:19:49] Starting optimization cycle
[2026-02-08 14:19:49] Starting codebase scan...
[2026-02-08 14:19:49] Found 73 files to analyze
[2026-02-08 14:19:49] Found 10 duplicate files
[2026-02-08 14:19:49] Found 7 backup files
[2026-02-08 14:19:49] Error: name 'optimizations' is not defined
[2026-02-08 14:20:49] ============================================================
[2026-02-08 14:20:49] Starting optimization cycle
[2026-02-08 14:20:49] Starting codebase scan...
[2026-02-08 14:20:49] Found 73 files to analyze
[2026-02-08 14:20:49] Found 10 duplicate files
[2026-02-08 14:20:49] Found 7 backup files
[2026-02-08 14:20:49] Error: name 'optimizations' is not defined
[2026-02-08 14:21:49] ============================================================
[2026-02-08 14:21:49] Starting optimization cycle
[2026-02-08 14:21:49] Starting codebase scan...
[2026-02-08 14:21:49] Found 73 files to analyze
[2026-02-08 14:21:49] Found 10 duplicate files
[2026-02-08 14:21:49] Found 7 backup files
[2026-02-08 14:21:49] Error: name 'optimizations' is not defined
[2026-02-08 14:22:49] ============================================================
[2026-02-08 14:22:49] Starting optimization cycle
[2026-02-08 14:22:49] Starting codebase scan...
[2026-02-08 14:22:49] Found 73 files to analyze
[2026-02-08 14:22:49] Found 10 duplicate files
[2026-02-08 14:22:49] Found 7 backup files
[2026-02-08 14:22:49] Error: name 'optimizations' is not defined
[2026-02-08 14:23:49] ============================================================
[2026-02-08 14:23:49] Starting optimization cycle
[2026-02-08 14:23:49] Starting codebase scan...
[2026-02-08 14:23:49] Found 73 files to analyze
[2026-02-08 14:23:49] Found 10 duplicate files
[2026-02-08 14:23:49] Found 7 backup files
[2026-02-08 14:23:50] Error: name 'optimizations' is not defined
[2026-02-08 14:24:50] ============================================================
[2026-02-08 14:24:50] Starting optimization cycle
[2026-02-08 14:24:50] Starting codebase scan...
[2026-02-08 14:24:50] Found 73 files to analyze
[2026-02-08 14:24:50] Found 10 duplicate files
[2026-02-08 14:24:50] Found 7 backup files
[2026-02-08 14:24:50] Error: name 'optimizations' is not defined
[2026-02-08 14:25:50] ============================================================
[2026-02-08 14:25:50] Starting optimization cycle
[2026-02-08 14:25:50] Starting codebase scan...
[2026-02-08 14:25:50] Found 73 files to analyze
[2026-02-08 14:25:50] Found 10 duplicate files
[2026-02-08 14:25:50] Found 7 backup files
[2026-02-08 14:25:50] Error: name 'optimizations' is not defined
[2026-02-08 14:26:50] ============================================================
[2026-02-08 14:26:50] Starting optimization cycle
[2026-02-08 14:26:50] Starting codebase scan...
[2026-02-08 14:26:50] Found 73 files to analyze
[2026-02-08 14:26:50] Found 10 duplicate files
[2026-02-08 14:26:50] Found 7 backup files
[2026-02-08 14:26:50] Error: name 'optimizations' is not defined
[2026-02-08 14:27:50] ============================================================
[2026-02-08 14:27:50] Starting optimization cycle
[2026-02-08 14:27:50] Starting codebase scan...
[2026-02-08 14:27:50] Found 73 files to analyze
[2026-02-08 14:27:50] Found 10 duplicate files
[2026-02-08 14:27:50] Found 7 backup files
[2026-02-08 14:27:50] Error: name 'optimizations' is not defined
[2026-02-08 14:28:50] ============================================================
[2026-02-08 14:28:50] Starting optimization cycle
[2026-02-08 14:28:50] Starting codebase scan...
[2026-02-08 14:28:51] Found 73 files to analyze
[2026-02-08 14:28:51] Found 10 duplicate files
[2026-02-08 14:28:51] Found 7 backup files
[2026-02-08 14:28:51] Error: name 'optimizations' is not defined
[2026-02-08 14:29:51] ============================================================
[2026-02-08 14:29:51] Starting optimization cycle
[2026-02-08 14:29:51] Starting codebase scan...
[2026-02-08 14:29:51] Found 73 files to analyze
[2026-02-08 14:29:51] Found 10 duplicate files
[2026-02-08 14:29:51] Found 7 backup files
[2026-02-08 14:29:51] Error: name 'optimizations' is not defined
[2026-02-08 14:30:51] ============================================================
[2026-02-08 14:30:51] Starting optimization cycle
[2026-02-08 14:30:51] Starting codebase scan...
[2026-02-08 14:30:51] Found 73 files to analyze
[2026-02-08 14:30:51] Found 10 duplicate files
[2026-02-08 14:30:51] Found 7 backup files
[2026-02-08 14:30:51] Error: name 'optimizations' is not defined
[2026-02-08 14:31:51] ============================================================
[2026-02-08 14:31:51] Starting optimization cycle
[2026-02-08 14:31:51] Starting codebase scan...
[2026-02-08 14:31:51] Found 73 files to analyze
[2026-02-08 14:31:51] Found 10 duplicate files
[2026-02-08 14:31:51] Found 7 backup files
[2026-02-08 14:31:51] Error: name 'optimizations' is not defined
[2026-02-08 14:32:51] ============================================================
[2026-02-08 14:32:51] Starting optimization cycle
[2026-02-08 14:32:51] Starting codebase scan...
[2026-02-08 14:32:52] Found 73 files to analyze
[2026-02-08 14:32:52] Found 10 duplicate files
[2026-02-08 14:32:52] Found 7 backup files
[2026-02-08 14:32:52] Error: name 'optimizations' is not defined
[2026-02-08 14:33:52] ============================================================
[2026-02-08 14:33:52] Starting optimization cycle
[2026-02-08 14:33:52] Starting codebase scan...
[2026-02-08 14:33:52] Found 73 files to analyze
[2026-02-08 14:33:52] Found 10 duplicate files
[2026-02-08 14:33:52] Found 7 backup files
[2026-02-08 14:33:52] Error: name 'optimizations' is not defined
[2026-02-08 14:34:52] ============================================================
[2026-02-08 14:34:52] Starting optimization cycle
[2026-02-08 14:34:52] Starting codebase scan...
[2026-02-08 14:34:52] Found 73 files to analyze
[2026-02-08 14:34:52] Found 10 duplicate files
[2026-02-08 14:34:52] Found 7 backup files
[2026-02-08 14:34:52] Error: name 'optimizations' is not defined
[2026-02-08 14:35:52] ============================================================
[2026-02-08 14:35:52] Starting optimization cycle
[2026-02-08 14:35:52] Starting codebase scan...
[2026-02-08 14:35:52] Found 73 files to analyze
[2026-02-08 14:35:52] Found 10 duplicate files
[2026-02-08 14:35:52] Found 7 backup files
[2026-02-08 14:35:52] Error: name 'optimizations' is not defined
[2026-02-08 14:36:52] ============================================================
[2026-02-08 14:36:52] Starting optimization cycle
[2026-02-08 14:36:52] Starting codebase scan...
[2026-02-08 14:36:53] Found 73 files to analyze
[2026-02-08 14:36:53] Found 10 duplicate files
[2026-02-08 14:36:53] Found 7 backup files
[2026-02-08 14:36:53] Error: name 'optimizations' is not defined
[2026-02-08 14:37:53] ============================================================
[2026-02-08 14:37:53] Starting optimization cycle
[2026-02-08 14:37:53] Starting codebase scan...
[2026-02-08 14:37:53] Found 73 files to analyze
[2026-02-08 14:37:53] Found 10 duplicate files
[2026-02-08 14:37:53] Found 7 backup files
[2026-02-08 14:37:53] Error: name 'optimizations' is not defined
[2026-02-08 14:38:53] ============================================================
[2026-02-08 14:38:53] Starting optimization cycle
[2026-02-08 14:38:53] Starting codebase scan...
[2026-02-08 14:38:53] Found 73 files to analyze
[2026-02-08 14:38:53] Found 10 duplicate files
[2026-02-08 14:38:53] Found 7 backup files
[2026-02-08 14:38:53] Error: name 'optimizations' is not defined
[2026-02-08 14:39:53] ============================================================
[2026-02-08 14:39:53] Starting optimization cycle
[2026-02-08 14:39:53] Starting codebase scan...
[2026-02-08 14:39:53] Found 73 files to analyze
[2026-02-08 14:39:53] Found 10 duplicate files
[2026-02-08 14:39:53] Found 7 backup files
[2026-02-08 14:39:53] Error: name 'optimizations' is not defined
[2026-02-08 14:40:53] ============================================================
[2026-02-08 14:40:53] Starting optimization cycle
[2026-02-08 14:40:53] Starting codebase scan...
[2026-02-08 14:40:54] Found 73 files to analyze
[2026-02-08 14:40:54] Found 10 duplicate files
[2026-02-08 14:40:54] Found 7 backup files
[2026-02-08 14:40:54] Error: name 'optimizations' is not defined
[2026-02-08 14:41:54] ============================================================
[2026-02-08 14:41:54] Starting optimization cycle
[2026-02-08 14:41:54] Starting codebase scan...
[2026-02-08 14:41:54] Found 73 files to analyze
[2026-02-08 14:41:54] Found 10 duplicate files
[2026-02-08 14:41:54] Found 7 backup files
[2026-02-08 14:41:54] Error: name 'optimizations' is not defined
[2026-02-08 14:42:54] ============================================================
[2026-02-08 14:42:54] Starting optimization cycle
[2026-02-08 14:42:54] Starting codebase scan...
[2026-02-08 14:42:54] Found 73 files to analyze
[2026-02-08 14:42:54] Found 10 duplicate files
[2026-02-08 14:42:54] Found 7 backup files
[2026-02-08 14:42:54] Error: name 'optimizations' is not defined
[2026-02-08 14:43:54] ============================================================
[2026-02-08 14:43:54] Starting optimization cycle
[2026-02-08 14:43:54] Starting codebase scan...
[2026-02-08 14:43:54] Found 73 files to analyze
[2026-02-08 14:43:54] Found 10 duplicate files
[2026-02-08 14:43:54] Found 7 backup files
[2026-02-08 14:43:54] Error: name 'optimizations' is not defined
[2026-02-08 14:44:54] ============================================================
[2026-02-08 14:44:54] Starting optimization cycle
[2026-02-08 14:44:54] Starting codebase scan...
[2026-02-08 14:44:54] Found 73 files to analyze
[2026-02-08 14:44:54] Found 10 duplicate files
[2026-02-08 14:44:54] Found 7 backup files
[2026-02-08 14:44:54] Error: name 'optimizations' is not defined
[2026-02-08 14:45:54] ============================================================
[2026-02-08 14:45:54] Starting optimization cycle
[2026-02-08 14:45:54] Starting codebase scan...
[2026-02-08 14:45:55] Found 73 files to analyze
[2026-02-08 14:45:55] Found 10 duplicate files
[2026-02-08 14:45:55] Found 7 backup files
[2026-02-08 14:45:55] Error: name 'optimizations' is not defined
[2026-02-08 14:46:55] ============================================================
[2026-02-08 14:46:55] Starting optimization cycle
[2026-02-08 14:46:55] Starting codebase scan...
[2026-02-08 14:46:55] Found 73 files to analyze
[2026-02-08 14:46:55] Found 10 duplicate files
[2026-02-08 14:46:55] Found 7 backup files
[2026-02-08 14:46:55] Error: name 'optimizations' is not defined
[2026-02-08 14:47:55] ============================================================
[2026-02-08 14:47:55] Starting optimization cycle
[2026-02-08 14:47:55] Starting codebase scan...
[2026-02-08 14:47:55] Found 73 files to analyze
[2026-02-08 14:47:55] Found 10 duplicate files
[2026-02-08 14:47:55] Found 7 backup files
[2026-02-08 14:47:55] Error: name 'optimizations' is not defined
[2026-02-08 14:48:55] ============================================================
[2026-02-08 14:48:55] Starting optimization cycle
[2026-02-08 14:48:55] Starting codebase scan...
[2026-02-08 14:48:55] Found 73 files to analyze
[2026-02-08 14:48:55] Found 10 duplicate files
[2026-02-08 14:48:55] Found 7 backup files
[2026-02-08 14:48:55] Error: name 'optimizations' is not defined
[2026-02-08 14:49:55] ============================================================
[2026-02-08 14:49:55] Starting optimization cycle
[2026-02-08 14:49:55] Starting codebase scan...
[2026-02-08 14:49:55] Found 73 files to analyze
[2026-02-08 14:49:55] Found 10 duplicate files
[2026-02-08 14:49:55] Found 7 backup files
[2026-02-08 14:49:56] Error: name 'optimizations' is not defined
[2026-02-08 14:50:56] ============================================================
[2026-02-08 14:50:56] Starting optimization cycle
[2026-02-08 14:50:56] Starting codebase scan...
[2026-02-08 14:50:56] Found 73 files to analyze
[2026-02-08 14:50:56] Found 10 duplicate files
[2026-02-08 14:50:56] Found 7 backup files
[2026-02-08 14:50:56] Error: name 'optimizations' is not defined
[2026-02-08 14:51:56] ============================================================
[2026-02-08 14:51:56] Starting optimization cycle
[2026-02-08 14:51:56] Starting codebase scan...
[2026-02-08 14:51:56] Found 73 files to analyze
[2026-02-08 14:51:56] Found 10 duplicate files
[2026-02-08 14:51:56] Found 7 backup files
[2026-02-08 14:51:56] Error: name 'optimizations' is not defined
[2026-02-08 14:52:56] ============================================================
[2026-02-08 14:52:56] Starting optimization cycle
[2026-02-08 14:52:56] Starting codebase scan...
[2026-02-08 14:52:56] Found 73 files to analyze
[2026-02-08 14:52:56] Found 10 duplicate files
[2026-02-08 14:52:56] Found 7 backup files
[2026-02-08 14:52:57] Error: name 'optimizations' is not defined
[2026-02-08 14:53:57] ============================================================
[2026-02-08 14:53:57] Starting optimization cycle
[2026-02-08 14:53:57] Starting codebase scan...
[2026-02-08 14:53:57] Found 73 files to analyze
[2026-02-08 14:53:57] Found 10 duplicate files
[2026-02-08 14:53:57] Found 7 backup files
[2026-02-08 14:53:57] Error: name 'optimizations' is not defined
[2026-02-08 14:54:57] ============================================================
[2026-02-08 14:54:57] Starting optimization cycle
[2026-02-08 14:54:57] Starting codebase scan...
[2026-02-08 14:54:57] Found 73 files to analyze
[2026-02-08 14:54:57] Found 10 duplicate files
[2026-02-08 14:54:57] Found 7 backup files
[2026-02-08 14:54:57] Error: name 'optimizations' is not defined
[2026-02-08 14:55:57] ============================================================
[2026-02-08 14:55:57] Starting optimization cycle
[2026-02-08 14:55:57] Starting codebase scan...
[2026-02-08 14:55:57] Found 73 files to analyze
[2026-02-08 14:55:57] Found 10 duplicate files
[2026-02-08 14:55:57] Found 7 backup files
[2026-02-08 14:55:57] Error: name 'optimizations' is not defined
[2026-02-08 14:56:57] ============================================================
[2026-02-08 14:56:57] Starting optimization cycle
[2026-02-08 14:56:57] Starting codebase scan...
[2026-02-08 14:56:57] Found 73 files to analyze
[2026-02-08 14:56:57] Found 10 duplicate files
[2026-02-08 14:56:57] Found 7 backup files
[2026-02-08 14:56:57] Error: name 'optimizations' is not defined
[2026-02-08 14:57:57] ============================================================
[2026-02-08 14:57:57] Starting optimization cycle
[2026-02-08 14:57:57] Starting codebase scan...
[2026-02-08 14:57:58] Found 73 files to analyze
[2026-02-08 14:57:58] Found 10 duplicate files
[2026-02-08 14:57:58] Found 7 backup files
[2026-02-08 14:57:58] Error: name 'optimizations' is not defined
[2026-02-08 14:58:58] ============================================================
[2026-02-08 14:58:58] Starting optimization cycle
[2026-02-08 14:58:58] Starting codebase scan...
[2026-02-08 14:58:58] Found 73 files to analyze
[2026-02-08 14:58:58] Found 10 duplicate files
[2026-02-08 14:58:58] Found 7 backup files
[2026-02-08 14:58:58] Error: name 'optimizations' is not defined
[2026-02-08 14:59:58] ============================================================
[2026-02-08 14:59:58] Starting optimization cycle
[2026-02-08 14:59:58] Starting codebase scan...
[2026-02-08 14:59:58] Found 73 files to analyze
[2026-02-08 14:59:58] Found 10 duplicate files
[2026-02-08 14:59:58] Found 7 backup files
[2026-02-08 14:59:58] Error: name 'optimizations' is not defined
[2026-02-08 15:00:58] ============================================================
[2026-02-08 15:00:58] Starting optimization cycle
[2026-02-08 15:00:58] Starting codebase scan...
[2026-02-08 15:00:58] Found 73 files to analyze
[2026-02-08 15:00:58] Found 10 duplicate files
[2026-02-08 15:00:58] Found 7 backup files
[2026-02-08 15:00:59] Error: name 'optimizations' is not defined
[2026-02-08 15:01:59] ============================================================
[2026-02-08 15:01:59] Starting optimization cycle
[2026-02-08 15:01:59] Starting codebase scan...
[2026-02-08 15:01:59] Found 73 files to analyze
[2026-02-08 15:01:59] Found 10 duplicate files
[2026-02-08 15:01:59] Found 7 backup files
[2026-02-08 15:01:59] Error: name 'optimizations' is not defined
[2026-02-08 15:02:59] ============================================================
[2026-02-08 15:02:59] Starting optimization cycle
[2026-02-08 15:02:59] Starting codebase scan...
[2026-02-08 15:02:59] Found 73 files to analyze
[2026-02-08 15:02:59] Found 10 duplicate files
[2026-02-08 15:02:59] Found 7 backup files
[2026-02-08 15:02:59] Error: name 'optimizations' is not defined
[2026-02-08 15:03:59] ============================================================
[2026-02-08 15:03:59] Starting optimization cycle
[2026-02-08 15:03:59] Starting codebase scan...
[2026-02-08 15:03:59] Found 73 files to analyze
[2026-02-08 15:03:59] Found 10 duplicate files
[2026-02-08 15:03:59] Found 7 backup files
[2026-02-08 15:03:59] Error: name 'optimizations' is not defined
[2026-02-08 15:04:59] ============================================================
[2026-02-08 15:04:59] Starting optimization cycle
[2026-02-08 15:04:59] Starting codebase scan...
[2026-02-08 15:05:00] Found 73 files to analyze
[2026-02-08 15:05:00] Found 10 duplicate files
[2026-02-08 15:05:00] Found 7 backup files
[2026-02-08 15:05:00] Error: name 'optimizations' is not defined
[2026-02-08 15:06:00] ============================================================
[2026-02-08 15:06:00] Starting optimization cycle
[2026-02-08 15:06:00] Starting codebase scan...
[2026-02-08 15:06:00] Found 73 files to analyze
[2026-02-08 15:06:00] Found 10 duplicate files
[2026-02-08 15:06:00] Found 7 backup files
[2026-02-08 15:06:00] Error: name 'optimizations' is not defined
[2026-02-08 15:07:00] ============================================================
[2026-02-08 15:07:00] Starting optimization cycle
[2026-02-08 15:07:00] Starting codebase scan...
[2026-02-08 15:07:00] Found 73 files to analyze
[2026-02-08 15:07:00] Found 10 duplicate files
[2026-02-08 15:07:00] Found 7 backup files
[2026-02-08 15:07:00] Error: name 'optimizations' is not defined
[2026-02-08 15:08:00] ============================================================
[2026-02-08 15:08:00] Starting optimization cycle
[2026-02-08 15:08:00] Starting codebase scan...
[2026-02-08 15:08:00] Found 73 files to analyze
[2026-02-08 15:08:00] Found 10 duplicate files
[2026-02-08 15:08:00] Found 7 backup files
[2026-02-08 15:08:01] Error: name 'optimizations' is not defined
[2026-02-08 15:09:01] ============================================================
[2026-02-08 15:09:01] Starting optimization cycle
[2026-02-08 15:09:01] Starting codebase scan...
[2026-02-08 15:09:01] Found 73 files to analyze
[2026-02-08 15:09:01] Found 10 duplicate files
[2026-02-08 15:09:01] Found 7 backup files
[2026-02-08 15:09:01] Error: name 'optimizations' is not defined
[2026-02-08 15:10:01] ============================================================
[2026-02-08 15:10:01] Starting optimization cycle
[2026-02-08 15:10:01] Starting codebase scan...
[2026-02-08 15:10:01] Found 73 files to analyze
[2026-02-08 15:10:01] Found 10 duplicate files
[2026-02-08 15:10:01] Found 7 backup files
[2026-02-08 15:10:01] Error: name 'optimizations' is not defined
[2026-02-08 15:11:01] ============================================================
[2026-02-08 15:11:01] Starting optimization cycle
[2026-02-08 15:11:01] Starting codebase scan...
[2026-02-08 15:11:01] Found 73 files to analyze
[2026-02-08 15:11:01] Found 10 duplicate files
[2026-02-08 15:11:01] Found 7 backup files
[2026-02-08 15:11:01] Error: name 'optimizations' is not defined
[2026-02-08 15:12:01] ============================================================
[2026-02-08 15:12:01] Starting optimization cycle
[2026-02-08 15:12:01] Starting codebase scan...
[2026-02-08 15:12:02] Found 73 files to analyze
[2026-02-08 15:12:02] Found 10 duplicate files
[2026-02-08 15:12:02] Found 7 backup files
[2026-02-08 15:12:02] Error: name 'optimizations' is not defined
[2026-02-08 15:13:02] ============================================================
[2026-02-08 15:13:02] Starting optimization cycle
[2026-02-08 15:13:02] Starting codebase scan...
[2026-02-08 15:13:02] Found 73 files to analyze
[2026-02-08 15:13:02] Found 10 duplicate files
[2026-02-08 15:13:02] Found 7 backup files
[2026-02-08 15:13:02] Error: name 'optimizations' is not defined
[2026-02-08 15:14:02] ============================================================
[2026-02-08 15:14:02] Starting optimization cycle
[2026-02-08 15:14:02] Starting codebase scan...
[2026-02-08 15:14:02] Found 73 files to analyze
[2026-02-08 15:14:02] Found 10 duplicate files
[2026-02-08 15:14:02] Found 7 backup files
[2026-02-08 15:14:02] Error: name 'optimizations' is not defined
[2026-02-08 15:15:02] ============================================================
[2026-02-08 15:15:02] Starting optimization cycle
[2026-02-08 15:15:02] Starting codebase scan...
[2026-02-08 15:15:03] Found 73 files to analyze
[2026-02-08 15:15:03] Found 10 duplicate files
[2026-02-08 15:15:03] Found 7 backup files
[2026-02-08 15:15:03] Error: name 'optimizations' is not defined
[2026-02-08 15:16:03] ============================================================
[2026-02-08 15:16:03] Starting optimization cycle
[2026-02-08 15:16:03] Starting codebase scan...
[2026-02-08 15:16:03] Found 73 files to analyze
[2026-02-08 15:16:03] Found 10 duplicate files
[2026-02-08 15:16:03] Found 7 backup files
[2026-02-08 15:16:03] Error: name 'optimizations' is not defined
[2026-02-08 15:17:03] ============================================================
[2026-02-08 15:17:03] Starting optimization cycle
[2026-02-08 15:17:03] Starting codebase scan...
[2026-02-08 15:17:03] Found 73 files to analyze
[2026-02-08 15:17:03] Found 10 duplicate files
[2026-02-08 15:17:03] Found 7 backup files
[2026-02-08 15:17:03] Error: name 'optimizations' is not defined
[2026-02-08 15:18:03] ============================================================
[2026-02-08 15:18:03] Starting optimization cycle
[2026-02-08 15:18:03] Starting codebase scan...
[2026-02-08 15:18:03] Found 73 files to analyze
[2026-02-08 15:18:03] Found 10 duplicate files
[2026-02-08 15:18:03] Found 7 backup files
[2026-02-08 15:18:04] Error: name 'optimizations' is not defined
[2026-02-08 15:19:04] ============================================================
[2026-02-08 15:19:04] Starting optimization cycle
[2026-02-08 15:19:04] Starting codebase scan...
[2026-02-08 15:19:04] Found 73 files to analyze
[2026-02-08 15:19:04] Found 10 duplicate files
[2026-02-08 15:19:04] Found 7 backup files
[2026-02-08 15:19:04] Error: name 'optimizations' is not defined
[2026-02-08 15:20:04] ============================================================
[2026-02-08 15:20:04] Starting optimization cycle
[2026-02-08 15:20:04] Starting codebase scan...
[2026-02-08 15:20:04] Found 73 files to analyze
[2026-02-08 15:20:04] Found 10 duplicate files
[2026-02-08 15:20:04] Found 7 backup files
[2026-02-08 15:20:04] Error: name 'optimizations' is not defined
[2026-02-08 15:21:04] ============================================================
[2026-02-08 15:21:04] Starting optimization cycle
[2026-02-08 15:21:04] Starting codebase scan...
[2026-02-08 15:21:04] Found 73 files to analyze
[2026-02-08 15:21:04] Found 10 duplicate files
[2026-02-08 15:21:04] Found 7 backup files
[2026-02-08 15:21:04] Error: name 'optimizations' is not defined
[2026-02-08 15:22:04] ============================================================
[2026-02-08 15:22:04] Starting optimization cycle
[2026-02-08 15:22:04] Starting codebase scan...
[2026-02-08 15:22:04] Found 73 files to analyze
[2026-02-08 15:22:04] Found 10 duplicate files
[2026-02-08 15:22:04] Found 7 backup files
[2026-02-08 15:22:04] Error: name 'optimizations' is not defined
[2026-02-08 15:23:04] ============================================================
[2026-02-08 15:23:04] Starting optimization cycle
[2026-02-08 15:23:04] Starting codebase scan...
[2026-02-08 15:23:04] Found 73 files to analyze
[2026-02-08 15:23:04] Found 10 duplicate files
[2026-02-08 15:23:04] Found 7 backup files
[2026-02-08 15:23:05] Error: name 'optimizations' is not defined
[2026-02-08 15:24:05] ============================================================
[2026-02-08 15:24:05] Starting optimization cycle
[2026-02-08 15:24:05] Starting codebase scan...
[2026-02-08 15:24:05] Found 73 files to analyze
[2026-02-08 15:24:05] Found 10 duplicate files
[2026-02-08 15:24:05] Found 7 backup files
[2026-02-08 15:24:05] Error: name 'optimizations' is not defined
[2026-02-08 15:25:05] ============================================================
[2026-02-08 15:25:05] Starting optimization cycle
[2026-02-08 15:25:05] Starting codebase scan...
[2026-02-08 15:25:05] Found 73 files to analyze
[2026-02-08 15:25:05] Found 10 duplicate files
[2026-02-08 15:25:05] Found 7 backup files
[2026-02-08 15:25:05] Error: name 'optimizations' is not defined
[2026-02-08 15:26:05] ============================================================
[2026-02-08 15:26:05] Starting optimization cycle
[2026-02-08 15:26:05] Starting codebase scan...
[2026-02-08 15:26:05] Found 73 files to analyze
[2026-02-08 15:26:05] Found 10 duplicate files
[2026-02-08 15:26:05] Found 7 backup files
[2026-02-08 15:26:05] Error: name 'optimizations' is not defined
[2026-02-08 15:27:05] ============================================================
[2026-02-08 15:27:05] Starting optimization cycle
[2026-02-08 15:27:05] Starting codebase scan...
[2026-02-08 15:27:05] Found 73 files to analyze
[2026-02-08 15:27:05] Found 10 duplicate files
[2026-02-08 15:27:05] Found 7 backup files
[2026-02-08 15:27:05] Error: name 'optimizations' is not defined
[2026-02-08 15:28:05] ============================================================
[2026-02-08 15:28:05] Starting optimization cycle
[2026-02-08 15:28:05] Starting codebase scan...
[2026-02-08 15:28:06] Found 73 files to analyze
[2026-02-08 15:28:06] Found 10 duplicate files
[2026-02-08 15:28:06] Found 7 backup files
[2026-02-08 15:28:06] Error: name 'optimizations' is not defined
[2026-02-08 15:29:06] ============================================================
[2026-02-08 15:29:06] Starting optimization cycle
[2026-02-08 15:29:06] Starting codebase scan...
[2026-02-08 15:29:06] Found 73 files to analyze
[2026-02-08 15:29:06] Found 10 duplicate files
[2026-02-08 15:29:06] Found 7 backup files
[2026-02-08 15:29:06] Error: name 'optimizations' is not defined
[2026-02-08 15:30:06] ============================================================
[2026-02-08 15:30:06] Starting optimization cycle
[2026-02-08 15:30:06] Starting codebase scan...
[2026-02-08 15:30:06] Found 73 files to analyze
[2026-02-08 15:30:06] Found 10 duplicate files
[2026-02-08 15:30:06] Found 7 backup files
[2026-02-08 15:30:06] Error: name 'optimizations' is not defined
[2026-02-08 15:31:06] ============================================================
[2026-02-08 15:31:06] Starting optimization cycle
[2026-02-08 15:31:06] Starting codebase scan...
[2026-02-08 15:31:06] Found 73 files to analyze
[2026-02-08 15:31:06] Found 10 duplicate files
[2026-02-08 15:31:06] Found 7 backup files
[2026-02-08 15:31:06] Error: name 'optimizations' is not defined
[2026-02-08 15:32:06] ============================================================
[2026-02-08 15:32:06] Starting optimization cycle
[2026-02-08 15:32:06] Starting codebase scan...
[2026-02-08 15:32:06] Found 73 files to analyze
[2026-02-08 15:32:06] Found 10 duplicate files
[2026-02-08 15:32:06] Found 7 backup files
[2026-02-08 15:32:06] Error: name 'optimizations' is not defined
[2026-02-08 15:33:06] ============================================================
[2026-02-08 15:33:06] Starting optimization cycle
[2026-02-08 15:33:06] Starting codebase scan...
[2026-02-08 15:33:07] Found 73 files to analyze
[2026-02-08 15:33:07] Found 10 duplicate files
[2026-02-08 15:33:07] Found 7 backup files
[2026-02-08 15:33:07] Error: name 'optimizations' is not defined
[2026-02-08 15:34:07] ============================================================
[2026-02-08 15:34:07] Starting optimization cycle
[2026-02-08 15:34:07] Starting codebase scan...
[2026-02-08 15:34:07] Found 73 files to analyze
[2026-02-08 15:34:07] Found 10 duplicate files
[2026-02-08 15:34:07] Found 7 backup files
[2026-02-08 15:34:07] Error: name 'optimizations' is not defined
[2026-02-08 15:35:07] ============================================================
[2026-02-08 15:35:07] Starting optimization cycle
[2026-02-08 15:35:07] Starting codebase scan...
[2026-02-08 15:35:07] Found 73 files to analyze
[2026-02-08 15:35:07] Found 10 duplicate files
[2026-02-08 15:35:07] Found 7 backup files
[2026-02-08 15:35:07] Error: name 'optimizations' is not defined
[2026-02-08 15:36:07] ============================================================
[2026-02-08 15:36:07] Starting optimization cycle
[2026-02-08 15:36:07] Starting codebase scan...
[2026-02-08 15:36:07] Found 73 files to analyze
[2026-02-08 15:36:07] Found 10 duplicate files
[2026-02-08 15:36:07] Found 7 backup files
[2026-02-08 15:36:07] Error: name 'optimizations' is not defined
[2026-02-08 15:37:07] ============================================================
[2026-02-08 15:37:07] Starting optimization cycle
[2026-02-08 15:37:07] Starting codebase scan...
[2026-02-08 15:37:07] Found 73 files to analyze
[2026-02-08 15:37:07] Found 10 duplicate files
[2026-02-08 15:37:07] Found 7 backup files
[2026-02-08 15:37:08] Error: name 'optimizations' is not defined
[2026-02-08 15:38:08] ============================================================
[2026-02-08 15:38:08] Starting optimization cycle
[2026-02-08 15:38:08] Starting codebase scan...
[2026-02-08 15:38:08] Found 73 files to analyze
[2026-02-08 15:38:08] Found 10 duplicate files
[2026-02-08 15:38:08] Found 7 backup files
[2026-02-08 15:38:08] Error: name 'optimizations' is not defined
[2026-02-08 15:39:08] ============================================================
[2026-02-08 15:39:08] Starting optimization cycle
[2026-02-08 15:39:08] Starting codebase scan...
[2026-02-08 15:39:08] Found 73 files to analyze
[2026-02-08 15:39:08] Found 10 duplicate files
[2026-02-08 15:39:08] Found 7 backup files
[2026-02-08 15:39:08] Error: name 'optimizations' is not defined
[2026-02-08 15:40:08] ============================================================
[2026-02-08 15:40:08] Starting optimization cycle
[2026-02-08 15:40:08] Starting codebase scan...
[2026-02-08 15:40:08] Found 73 files to analyze
[2026-02-08 15:40:08] Found 10 duplicate files
[2026-02-08 15:40:08] Found 7 backup files
[2026-02-08 15:40:08] Error: name 'optimizations' is not defined
[2026-02-08 15:41:08] ============================================================
[2026-02-08 15:41:08] Starting optimization cycle
[2026-02-08 15:41:08] Starting codebase scan...
[2026-02-08 15:41:08] Found 73 files to analyze
[2026-02-08 15:41:08] Found 10 duplicate files
[2026-02-08 15:41:08] Found 7 backup files
[2026-02-08 15:41:08] Error: name 'optimizations' is not defined
[2026-02-08 15:42:08] ============================================================
[2026-02-08 15:42:08] Starting optimization cycle
[2026-02-08 15:42:08] Starting codebase scan...
[2026-02-08 15:42:08] Found 73 files to analyze
[2026-02-08 15:42:08] Found 10 duplicate files
[2026-02-08 15:42:08] Found 7 backup files
[2026-02-08 15:42:09] Error: name 'optimizations' is not defined
[2026-02-08 15:43:09] ============================================================
[2026-02-08 15:43:09] Starting optimization cycle
[2026-02-08 15:43:09] Starting codebase scan...
[2026-02-08 15:43:09] Found 73 files to analyze
[2026-02-08 15:43:09] Found 10 duplicate files
[2026-02-08 15:43:09] Found 7 backup files
[2026-02-08 15:43:09] Error: name 'optimizations' is not defined
[2026-02-08 15:44:09] ============================================================
[2026-02-08 15:44:09] Starting optimization cycle
[2026-02-08 15:44:09] Starting codebase scan...
[2026-02-08 15:44:09] Found 73 files to analyze
[2026-02-08 15:44:09] Found 10 duplicate files
[2026-02-08 15:44:09] Found 7 backup files
[2026-02-08 15:44:09] Error: name 'optimizations' is not defined
[2026-02-08 15:45:09] ============================================================
[2026-02-08 15:45:09] Starting optimization cycle
[2026-02-08 15:45:09] Starting codebase scan...
[2026-02-08 15:45:09] Found 73 files to analyze
[2026-02-08 15:45:09] Found 10 duplicate files
[2026-02-08 15:45:09] Found 7 backup files
[2026-02-08 15:45:09] Error: name 'optimizations' is not defined
[2026-02-08 15:46:09] ============================================================
[2026-02-08 15:46:09] Starting optimization cycle
[2026-02-08 15:46:09] Starting codebase scan...
[2026-02-08 15:46:09] Found 73 files to analyze
[2026-02-08 15:46:09] Found 10 duplicate files
[2026-02-08 15:46:09] Found 7 backup files
[2026-02-08 15:46:09] Error: name 'optimizations' is not defined
[2026-02-08 15:47:09] ============================================================
[2026-02-08 15:47:09] Starting optimization cycle
[2026-02-08 15:47:09] Starting codebase scan...
[2026-02-08 15:47:10] Found 73 files to analyze
[2026-02-08 15:47:10] Found 10 duplicate files
[2026-02-08 15:47:10] Found 7 backup files
[2026-02-08 15:47:10] Error: name 'optimizations' is not defined
[2026-02-08 15:48:10] ============================================================
[2026-02-08 15:48:10] Starting optimization cycle
[2026-02-08 15:48:10] Starting codebase scan...
[2026-02-08 15:48:10] Found 73 files to analyze
[2026-02-08 15:48:10] Found 10 duplicate files
[2026-02-08 15:48:10] Found 7 backup files
[2026-02-08 15:48:10] Error: name 'optimizations' is not defined
[2026-02-08 15:49:10] ============================================================
[2026-02-08 15:49:10] Starting optimization cycle
[2026-02-08 15:49:10] Starting codebase scan...
[2026-02-08 15:49:10] Found 73 files to analyze
[2026-02-08 15:49:10] Found 10 duplicate files
[2026-02-08 15:49:10] Found 7 backup files
[2026-02-08 15:49:10] Error: name 'optimizations' is not defined
[2026-02-08 15:50:10] ============================================================
[2026-02-08 15:50:10] Starting optimization cycle
[2026-02-08 15:50:10] Starting codebase scan...
[2026-02-08 15:50:10] Found 73 files to analyze
[2026-02-08 15:50:10] Found 10 duplicate files
[2026-02-08 15:50:10] Found 7 backup files
[2026-02-08 15:50:10] Error: name 'optimizations' is not defined
[2026-02-08 15:51:10] ============================================================
[2026-02-08 15:51:10] Starting optimization cycle
[2026-02-08 15:51:10] Starting codebase scan...
[2026-02-08 15:51:10] Found 73 files to analyze
[2026-02-08 15:51:10] Found 10 duplicate files
[2026-02-08 15:51:10] Found 7 backup files
[2026-02-08 15:51:10] Error: name 'optimizations' is not defined
[2026-02-08 15:52:10] ============================================================
[2026-02-08 15:52:10] Starting optimization cycle
[2026-02-08 15:52:10] Starting codebase scan...
[2026-02-08 15:52:11] Found 73 files to analyze
[2026-02-08 15:52:11] Found 10 duplicate files
[2026-02-08 15:52:11] Found 7 backup files
[2026-02-08 15:52:11] Error: name 'optimizations' is not defined
[2026-02-08 15:53:11] ============================================================
[2026-02-08 15:53:11] Starting optimization cycle
[2026-02-08 15:53:11] Starting codebase scan...
[2026-02-08 15:53:11] Found 73 files to analyze
[2026-02-08 15:53:11] Found 10 duplicate files
[2026-02-08 15:53:11] Found 7 backup files
[2026-02-08 15:53:11] Error: name 'optimizations' is not defined
[2026-02-08 15:54:11] ============================================================
[2026-02-08 15:54:11] Starting optimization cycle
[2026-02-08 15:54:11] Starting codebase scan...
[2026-02-08 15:54:11] Found 73 files to analyze
[2026-02-08 15:54:11] Found 10 duplicate files
[2026-02-08 15:54:11] Found 7 backup files
[2026-02-08 15:54:11] Error: name 'optimizations' is not defined
[2026-02-08 15:55:11] ============================================================
[2026-02-08 15:55:11] Starting optimization cycle
[2026-02-08 15:55:11] Starting codebase scan...
[2026-02-08 15:55:11] Found 73 files to analyze
[2026-02-08 15:55:11] Found 10 duplicate files
[2026-02-08 15:55:11] Found 7 backup files
[2026-02-08 15:55:11] Error: name 'optimizations' is not defined
[2026-02-08 15:56:11] ============================================================
[2026-02-08 15:56:11] Starting optimization cycle
[2026-02-08 15:56:11] Starting codebase scan...
[2026-02-08 15:56:11] Found 73 files to analyze
[2026-02-08 15:56:11] Found 10 duplicate files
[2026-02-08 15:56:11] Found 7 backup files
[2026-02-08 15:56:12] Error: name 'optimizations' is not defined
[2026-02-08 15:57:12] ============================================================
[2026-02-08 15:57:12] Starting optimization cycle
[2026-02-08 15:57:12] Starting codebase scan...
[2026-02-08 15:57:12] Found 73 files to analyze
[2026-02-08 15:57:12] Found 10 duplicate files
[2026-02-08 15:57:12] Found 7 backup files
[2026-02-08 15:57:12] Error: name 'optimizations' is not defined
[2026-02-08 15:58:12] ============================================================
[2026-02-08 15:58:12] Starting optimization cycle
[2026-02-08 15:58:12] Starting codebase scan...
[2026-02-08 15:58:12] Found 73 files to analyze
[2026-02-08 15:58:12] Found 10 duplicate files
[2026-02-08 15:58:12] Found 7 backup files
[2026-02-08 15:58:12] Error: name 'optimizations' is not defined
[2026-02-08 15:59:12] ============================================================
[2026-02-08 15:59:12] Starting optimization cycle
[2026-02-08 15:59:12] Starting codebase scan...
[2026-02-08 15:59:12] Found 73 files to analyze
[2026-02-08 15:59:12] Found 10 duplicate files
[2026-02-08 15:59:12] Found 7 backup files
[2026-02-08 15:59:12] Error: name 'optimizations' is not defined
[2026-02-08 16:00:12] ============================================================
[2026-02-08 16:00:12] Starting optimization cycle
[2026-02-08 16:00:12] Starting codebase scan...
[2026-02-08 16:00:12] Found 73 files to analyze
[2026-02-08 16:00:12] Found 10 duplicate files
[2026-02-08 16:00:12] Found 7 backup files
[2026-02-08 16:00:12] Error: name 'optimizations' is not defined
[2026-02-08 16:01:12] ============================================================
[2026-02-08 16:01:12] Starting optimization cycle
[2026-02-08 16:01:12] Starting codebase scan...
[2026-02-08 16:01:12] Found 73 files to analyze
[2026-02-08 16:01:12] Found 10 duplicate files
[2026-02-08 16:01:12] Found 7 backup files
[2026-02-08 16:01:13] Error: name 'optimizations' is not defined
[2026-02-08 16:02:13] ============================================================
[2026-02-08 16:02:13] Starting optimization cycle
[2026-02-08 16:02:13] Starting codebase scan...
[2026-02-08 16:02:13] Found 73 files to analyze
[2026-02-08 16:02:13] Found 10 duplicate files
[2026-02-08 16:02:13] Found 7 backup files
[2026-02-08 16:02:13] Error: name 'optimizations' is not defined
[2026-02-08 16:03:13] ============================================================
[2026-02-08 16:03:13] Starting optimization cycle
[2026-02-08 16:03:13] Starting codebase scan...
[2026-02-08 16:03:13] Found 73 files to analyze
[2026-02-08 16:03:13] Found 10 duplicate files
[2026-02-08 16:03:13] Found 7 backup files
[2026-02-08 16:03:13] Error: name 'optimizations' is not defined
[2026-02-08 16:04:13] ============================================================
[2026-02-08 16:04:13] Starting optimization cycle
[2026-02-08 16:04:13] Starting codebase scan...
[2026-02-08 16:04:13] Found 73 files to analyze
[2026-02-08 16:04:13] Found 10 duplicate files
[2026-02-08 16:04:13] Found 7 backup files
[2026-02-08 16:04:13] Error: name 'optimizations' is not defined
[2026-02-08 16:05:13] ============================================================
[2026-02-08 16:05:13] Starting optimization cycle
[2026-02-08 16:05:13] Starting codebase scan...
[2026-02-08 16:05:13] Found 73 files to analyze
[2026-02-08 16:05:13] Found 10 duplicate files
[2026-02-08 16:05:13] Found 7 backup files
[2026-02-08 16:05:13] Error: name 'optimizations' is not defined
[2026-02-08 16:06:13] ============================================================
[2026-02-08 16:06:13] Starting optimization cycle
[2026-02-08 16:06:13] Starting codebase scan...
[2026-02-08 16:06:14] Found 73 files to analyze
[2026-02-08 16:06:14] Found 10 duplicate files
[2026-02-08 16:06:14] Found 7 backup files
[2026-02-08 16:06:14] Error: name 'optimizations' is not defined
[2026-02-08 16:07:14] ============================================================
[2026-02-08 16:07:14] Starting optimization cycle
[2026-02-08 16:07:14] Starting codebase scan...
[2026-02-08 16:07:14] Found 73 files to analyze
[2026-02-08 16:07:14] Found 10 duplicate files
[2026-02-08 16:07:14] Found 7 backup files
[2026-02-08 16:07:14] Error: name 'optimizations' is not defined
[2026-02-08 16:08:14] ============================================================
[2026-02-08 16:08:14] Starting optimization cycle
[2026-02-08 16:08:14] Starting codebase scan...
[2026-02-08 16:08:14] Found 73 files to analyze
[2026-02-08 16:08:14] Found 10 duplicate files
[2026-02-08 16:08:14] Found 7 backup files
[2026-02-08 16:08:14] Error: name 'optimizations' is not defined
[2026-02-08 16:09:14] ============================================================
[2026-02-08 16:09:14] Starting optimization cycle
[2026-02-08 16:09:14] Starting codebase scan...
[2026-02-08 16:09:14] Found 73 files to analyze
[2026-02-08 16:09:14] Found 10 duplicate files
[2026-02-08 16:09:14] Found 7 backup files
[2026-02-08 16:09:14] Error: name 'optimizations' is not defined
[2026-02-08 16:10:14] ============================================================
[2026-02-08 16:10:14] Starting optimization cycle
[2026-02-08 16:10:14] Starting codebase scan...
[2026-02-08 16:10:14] Found 73 files to analyze
[2026-02-08 16:10:14] Found 10 duplicate files
[2026-02-08 16:10:14] Found 7 backup files
[2026-02-08 16:10:14] Error: name 'optimizations' is not defined
[2026-02-08 16:11:14] ============================================================
[2026-02-08 16:11:14] Starting optimization cycle
[2026-02-08 16:11:14] Starting codebase scan...
[2026-02-08 16:11:15] Found 73 files to analyze
[2026-02-08 16:11:15] Found 10 duplicate files
[2026-02-08 16:11:15] Found 7 backup files
[2026-02-08 16:11:15] Error: name 'optimizations' is not defined
[2026-02-08 16:12:15] ============================================================
[2026-02-08 16:12:15] Starting optimization cycle
[2026-02-08 16:12:15] Starting codebase scan...
[2026-02-08 16:12:15] Found 73 files to analyze
[2026-02-08 16:12:15] Found 10 duplicate files
[2026-02-08 16:12:15] Found 7 backup files
[2026-02-08 16:12:15] Error: name 'optimizations' is not defined
[2026-02-08 16:13:15] ============================================================
[2026-02-08 16:13:15] Starting optimization cycle
[2026-02-08 16:13:15] Starting codebase scan...
[2026-02-08 16:13:15] Found 73 files to analyze
[2026-02-08 16:13:15] Found 10 duplicate files
[2026-02-08 16:13:15] Found 7 backup files
[2026-02-08 16:13:15] Error: name 'optimizations' is not defined
[2026-02-08 16:14:15] ============================================================
[2026-02-08 16:14:15] Starting optimization cycle
[2026-02-08 16:14:15] Starting codebase scan...
[2026-02-08 16:14:15] Found 73 files to analyze
[2026-02-08 16:14:15] Found 10 duplicate files
[2026-02-08 16:14:15] Found 7 backup files
[2026-02-08 16:14:15] Error: name 'optimizations' is not defined
[2026-02-08 16:15:15] ============================================================
[2026-02-08 16:15:15] Starting optimization cycle
[2026-02-08 16:15:15] Starting codebase scan...
[2026-02-08 16:15:15] Found 73 files to analyze
[2026-02-08 16:15:15] Found 10 duplicate files
[2026-02-08 16:15:15] Found 7 backup files
[2026-02-08 16:15:16] Error: name 'optimizations' is not defined
[2026-02-08 16:16:16] ============================================================
[2026-02-08 16:16:16] Starting optimization cycle
[2026-02-08 16:16:16] Starting codebase scan...
[2026-02-08 16:16:16] Found 73 files to analyze
[2026-02-08 16:16:16] Found 10 duplicate files
[2026-02-08 16:16:16] Found 7 backup files
[2026-02-08 16:16:16] Error: name 'optimizations' is not defined
[2026-02-08 16:17:16] ============================================================
[2026-02-08 16:17:16] Starting optimization cycle
[2026-02-08 16:17:16] Starting codebase scan...
[2026-02-08 16:17:16] Found 73 files to analyze
[2026-02-08 16:17:16] Found 10 duplicate files
[2026-02-08 16:17:16] Found 7 backup files
[2026-02-08 16:17:16] Error: name 'optimizations' is not defined
[2026-02-08 16:18:16] ============================================================
[2026-02-08 16:18:16] Starting optimization cycle
[2026-02-08 16:18:16] Starting codebase scan...
[2026-02-08 16:18:16] Found 73 files to analyze
[2026-02-08 16:18:16] Found 10 duplicate files
[2026-02-08 16:18:16] Found 7 backup files
[2026-02-08 16:18:16] Error: name 'optimizations' is not defined
[2026-02-08 16:19:16] ============================================================
[2026-02-08 16:19:16] Starting optimization cycle
[2026-02-08 16:19:16] Starting codebase scan...
[2026-02-08 16:19:16] Found 73 files to analyze
[2026-02-08 16:19:16] Found 10 duplicate files
[2026-02-08 16:19:16] Found 7 backup files
[2026-02-08 16:19:16] Error: name 'optimizations' is not defined
[2026-02-08 16:20:16] ============================================================
[2026-02-08 16:20:16] Starting optimization cycle
[2026-02-08 16:20:16] Starting codebase scan...
[2026-02-08 16:20:16] Found 73 files to analyze
[2026-02-08 16:20:16] Found 10 duplicate files
[2026-02-08 16:20:16] Found 7 backup files
[2026-02-08 16:20:17] Error: name 'optimizations' is not defined
[2026-02-08 16:21:17] ============================================================
[2026-02-08 16:21:17] Starting optimization cycle
[2026-02-08 16:21:17] Starting codebase scan...
[2026-02-08 16:21:17] Found 73 files to analyze
[2026-02-08 16:21:17] Found 10 duplicate files
[2026-02-08 16:21:17] Found 7 backup files
[2026-02-08 16:21:17] Error: name 'optimizations' is not defined
[2026-02-08 16:22:17] ============================================================
[2026-02-08 16:22:17] Starting optimization cycle
[2026-02-08 16:22:17] Starting codebase scan...
[2026-02-08 16:22:17] Found 73 files to analyze
[2026-02-08 16:22:17] Found 10 duplicate files
[2026-02-08 16:22:17] Found 7 backup files
[2026-02-08 16:22:17] Error: name 'optimizations' is not defined
[2026-02-08 16:23:17] ============================================================
[2026-02-08 16:23:17] Starting optimization cycle
[2026-02-08 16:23:17] Starting codebase scan...
[2026-02-08 16:23:17] Found 73 files to analyze
[2026-02-08 16:23:17] Found 10 duplicate files
[2026-02-08 16:23:17] Found 7 backup files
[2026-02-08 16:23:17] Error: name 'optimizations' is not defined
[2026-02-08 16:24:17] ============================================================
[2026-02-08 16:24:17] Starting optimization cycle
[2026-02-08 16:24:17] Starting codebase scan...
[2026-02-08 16:24:17] Found 73 files to analyze
[2026-02-08 16:24:17] Found 10 duplicate files
[2026-02-08 16:24:17] Found 7 backup files
[2026-02-08 16:24:17] Error: name 'optimizations' is not defined
[2026-02-08 16:25:17] ============================================================
[2026-02-08 16:25:17] Starting optimization cycle
[2026-02-08 16:25:17] Starting codebase scan...
[2026-02-08 16:25:18] Found 73 files to analyze
[2026-02-08 16:25:18] Found 10 duplicate files
[2026-02-08 16:25:18] Found 7 backup files
[2026-02-08 16:25:18] Error: name 'optimizations' is not defined
[2026-02-08 16:26:18] ============================================================
[2026-02-08 16:26:18] Starting optimization cycle
[2026-02-08 16:26:18] Starting codebase scan...
[2026-02-08 16:26:18] Found 73 files to analyze
[2026-02-08 16:26:18] Found 10 duplicate files
[2026-02-08 16:26:18] Found 7 backup files
[2026-02-08 16:26:18] Error: name 'optimizations' is not defined
[2026-02-08 16:27:18] ============================================================
[2026-02-08 16:27:18] Starting optimization cycle
[2026-02-08 16:27:18] Starting codebase scan...
[2026-02-08 16:27:18] Found 73 files to analyze
[2026-02-08 16:27:18] Found 10 duplicate files
[2026-02-08 16:27:18] Found 7 backup files
[2026-02-08 16:27:18] Error: name 'optimizations' is not defined
[2026-02-08 16:28:18] ============================================================
[2026-02-08 16:28:18] Starting optimization cycle
[2026-02-08 16:28:18] Starting codebase scan...
[2026-02-08 16:28:18] Found 73 files to analyze
[2026-02-08 16:28:18] Found 10 duplicate files
[2026-02-08 16:28:18] Found 7 backup files
[2026-02-08 16:28:18] Error: name 'optimizations' is not defined
[2026-02-08 16:29:18] ============================================================
[2026-02-08 16:29:18] Starting optimization cycle
[2026-02-08 16:29:18] Starting codebase scan...
[2026-02-08 16:29:18] Found 73 files to analyze
[2026-02-08 16:29:18] Found 10 duplicate files
[2026-02-08 16:29:18] Found 7 backup files
[2026-02-08 16:29:18] Error: name 'optimizations' is not defined
[2026-02-08 16:30:18] ============================================================
[2026-02-08 16:30:18] Starting optimization cycle
[2026-02-08 16:30:18] Starting codebase scan...
[2026-02-08 16:30:19] Found 73 files to analyze
[2026-02-08 16:30:19] Found 10 duplicate files
[2026-02-08 16:30:19] Found 7 backup files
[2026-02-08 16:30:19] Error: name 'optimizations' is not defined
[2026-02-08 16:31:19] ============================================================
[2026-02-08 16:31:19] Starting optimization cycle
[2026-02-08 16:31:19] Starting codebase scan...
[2026-02-08 16:31:19] Found 73 files to analyze
[2026-02-08 16:31:19] Found 10 duplicate files
[2026-02-08 16:31:19] Found 7 backup files
[2026-02-08 16:31:19] Error: name 'optimizations' is not defined
[2026-02-08 16:32:19] ============================================================
[2026-02-08 16:32:19] Starting optimization cycle
[2026-02-08 16:32:19] Starting codebase scan...
[2026-02-08 16:32:19] Found 73 files to analyze
[2026-02-08 16:32:19] Found 10 duplicate files
[2026-02-08 16:32:19] Found 7 backup files
[2026-02-08 16:32:19] Error: name 'optimizations' is not defined
[2026-02-08 16:33:19] ============================================================
[2026-02-08 16:33:19] Starting optimization cycle
[2026-02-08 16:33:19] Starting codebase scan...
[2026-02-08 16:33:19] Found 73 files to analyze
[2026-02-08 16:33:19] Found 10 duplicate files
[2026-02-08 16:33:19] Found 7 backup files
[2026-02-08 16:33:19] Error: name 'optimizations' is not defined
[2026-02-08 16:34:19] ============================================================
[2026-02-08 16:34:19] Starting optimization cycle
[2026-02-08 16:34:19] Starting codebase scan...
[2026-02-08 16:34:19] Found 73 files to analyze
[2026-02-08 16:34:19] Found 10 duplicate files
[2026-02-08 16:34:19] Found 7 backup files
[2026-02-08 16:34:20] Error: name 'optimizations' is not defined
[2026-02-08 16:35:20] ============================================================
[2026-02-08 16:35:20] Starting optimization cycle
[2026-02-08 16:35:20] Starting codebase scan...
[2026-02-08 16:35:20] Found 74 files to analyze
[2026-02-08 16:35:20] Found 11 duplicate files
[2026-02-08 16:35:20] Found 7 backup files
[2026-02-08 16:35:20] Error: name 'optimizations' is not defined
[2026-02-08 16:36:20] ============================================================
[2026-02-08 16:36:20] Starting optimization cycle
[2026-02-08 16:36:20] Starting codebase scan...
[2026-02-08 16:36:20] Found 75 files to analyze
[2026-02-08 16:36:20] Found 11 duplicate files
[2026-02-08 16:36:20] Found 7 backup files
[2026-02-08 16:36:20] Error: name 'optimizations' is not defined
[2026-02-08 16:37:20] ============================================================
[2026-02-08 16:37:20] Starting optimization cycle
[2026-02-08 16:37:20] Starting codebase scan...
[2026-02-08 16:37:20] Found 75 files to analyze
[2026-02-08 16:37:20] Found 11 duplicate files
[2026-02-08 16:37:20] Found 7 backup files
[2026-02-08 16:37:20] Error: name 'optimizations' is not defined
[2026-02-08 16:38:20] ============================================================
[2026-02-08 16:38:20] Starting optimization cycle
[2026-02-08 16:38:20] Starting codebase scan...
[2026-02-08 16:38:20] Found 75 files to analyze
[2026-02-08 16:38:20] Found 11 duplicate files
[2026-02-08 16:38:20] Found 7 backup files
[2026-02-08 16:38:20] Error: name 'optimizations' is not defined
[2026-02-08 16:39:20] ============================================================
[2026-02-08 16:39:20] Starting optimization cycle
[2026-02-08 16:39:20] Starting codebase scan...
[2026-02-08 16:39:20] Found 75 files to analyze
[2026-02-08 16:39:20] Found 11 duplicate files
[2026-02-08 16:39:20] Found 7 backup files
[2026-02-08 16:39:21] Error: name 'optimizations' is not defined
[2026-02-08 16:40:21] ============================================================
[2026-02-08 16:40:21] Starting optimization cycle
[2026-02-08 16:40:21] Starting codebase scan...
[2026-02-08 16:40:21] Found 75 files to analyze
[2026-02-08 16:40:21] Found 11 duplicate files
[2026-02-08 16:40:21] Found 7 backup files
[2026-02-08 16:40:21] Error: name 'optimizations' is not defined
[2026-02-08 16:41:21] ============================================================
[2026-02-08 16:41:21] Starting optimization cycle
[2026-02-08 16:41:21] Starting codebase scan...
[2026-02-08 16:41:21] Found 75 files to analyze
[2026-02-08 16:41:21] Found 11 duplicate files
[2026-02-08 16:41:21] Found 7 backup files
[2026-02-08 16:41:21] Error: name 'optimizations' is not defined
[2026-02-08 16:42:21] ============================================================
[2026-02-08 16:42:21] Starting optimization cycle
[2026-02-08 16:42:21] Starting codebase scan...
[2026-02-08 16:42:21] Found 75 files to analyze
[2026-02-08 16:42:21] Found 11 duplicate files
[2026-02-08 16:42:21] Found 7 backup files
[2026-02-08 16:42:21] Error: name 'optimizations' is not defined
[2026-02-08 16:43:21] ============================================================
[2026-02-08 16:43:21] Starting optimization cycle
[2026-02-08 16:43:21] Starting codebase scan...
[2026-02-08 16:43:21] Found 75 files to analyze
[2026-02-08 16:43:21] Found 11 duplicate files
[2026-02-08 16:43:21] Found 7 backup files
[2026-02-08 16:43:21] Error: name 'optimizations' is not defined
[2026-02-08 16:44:21] ============================================================
[2026-02-08 16:44:21] Starting optimization cycle
[2026-02-08 16:44:21] Starting codebase scan...
[2026-02-08 16:44:22] Found 75 files to analyze
[2026-02-08 16:44:22] Found 11 duplicate files
[2026-02-08 16:44:22] Found 7 backup files
[2026-02-08 16:44:22] Error: name 'optimizations' is not defined
[2026-02-08 16:45:22] ============================================================
[2026-02-08 16:45:22] Starting optimization cycle
[2026-02-08 16:45:22] Starting codebase scan...
[2026-02-08 16:45:22] Found 75 files to analyze
[2026-02-08 16:45:22] Found 11 duplicate files
[2026-02-08 16:45:22] Found 7 backup files
[2026-02-08 16:45:22] Error: name 'optimizations' is not defined
[2026-02-08 16:46:22] ============================================================
[2026-02-08 16:46:22] Starting optimization cycle
[2026-02-08 16:46:22] Starting codebase scan...
[2026-02-08 16:46:22] Found 75 files to analyze
[2026-02-08 16:46:22] Found 11 duplicate files
[2026-02-08 16:46:22] Found 7 backup files
[2026-02-08 16:46:22] Error: name 'optimizations' is not defined
[2026-02-08 16:47:22] ============================================================
[2026-02-08 16:47:22] Starting optimization cycle
[2026-02-08 16:47:22] Starting codebase scan...
[2026-02-08 16:47:22] Found 76 files to analyze
[2026-02-08 16:47:22] Found 11 duplicate files
[2026-02-08 16:47:22] Found 7 backup files
[2026-02-08 16:47:22] Error: name 'optimizations' is not defined
[2026-02-08 16:48:22] ============================================================
[2026-02-08 16:48:22] Starting optimization cycle
[2026-02-08 16:48:22] Starting codebase scan...
[2026-02-08 16:48:22] Found 76 files to analyze
[2026-02-08 16:48:22] Found 12 duplicate files
[2026-02-08 16:48:22] Found 7 backup files
[2026-02-08 16:48:22] Error: name 'optimizations' is not defined
[2026-02-08 16:49:22] ============================================================
[2026-02-08 16:49:22] Starting optimization cycle
[2026-02-08 16:49:22] Starting codebase scan...
[2026-02-08 16:49:23] Found 76 files to analyze
[2026-02-08 16:49:23] Found 11 duplicate files
[2026-02-08 16:49:23] Found 7 backup files
[2026-02-08 16:49:23] Error: name 'optimizations' is not defined
[2026-02-08 16:50:23] ============================================================
[2026-02-08 16:50:23] Starting optimization cycle
[2026-02-08 16:50:23] Starting codebase scan...
[2026-02-08 16:50:23] Found 76 files to analyze
[2026-02-08 16:50:23] Found 11 duplicate files
[2026-02-08 16:50:23] Found 7 backup files
[2026-02-08 16:50:23] Error: name 'optimizations' is not defined
[2026-02-08 16:51:23] ============================================================
[2026-02-08 16:51:23] Starting optimization cycle
[2026-02-08 16:51:23] Starting codebase scan...
[2026-02-08 16:51:23] Found 76 files to analyze
[2026-02-08 16:51:23] Found 11 duplicate files
[2026-02-08 16:51:23] Found 7 backup files
[2026-02-08 16:51:23] Error: name 'optimizations' is not defined
[2026-02-08 16:52:23] ============================================================
[2026-02-08 16:52:23] Starting optimization cycle
[2026-02-08 16:52:23] Starting codebase scan...
[2026-02-08 16:52:23] Found 76 files to analyze
[2026-02-08 16:52:23] Found 11 duplicate files
[2026-02-08 16:52:23] Found 7 backup files
[2026-02-08 16:52:23] Error: name 'optimizations' is not defined
[2026-02-08 16:53:23] ============================================================
[2026-02-08 16:53:23] Starting optimization cycle
[2026-02-08 16:53:23] Starting codebase scan...
[2026-02-08 16:53:23] Found 76 files to analyze
[2026-02-08 16:53:23] Found 11 duplicate files
[2026-02-08 16:53:23] Found 7 backup files
[2026-02-08 16:53:24] Error: name 'optimizations' is not defined
[2026-02-08 16:54:24] ============================================================
[2026-02-08 16:54:24] Starting optimization cycle
[2026-02-08 16:54:24] Starting codebase scan...
[2026-02-08 16:54:24] Found 76 files to analyze
[2026-02-08 16:54:24] Found 11 duplicate files
[2026-02-08 16:54:24] Found 7 backup files
[2026-02-08 16:54:24] Error: name 'optimizations' is not defined
[2026-02-08 16:55:24] ============================================================
[2026-02-08 16:55:24] Starting optimization cycle
[2026-02-08 16:55:24] Starting codebase scan...
[2026-02-08 16:55:24] Found 77 files to analyze
[2026-02-08 16:55:24] Found 11 duplicate files
[2026-02-08 16:55:24] Found 7 backup files
[2026-02-08 16:55:24] Error: name 'optimizations' is not defined
[2026-02-08 16:56:24] ============================================================
[2026-02-08 16:56:24] Starting optimization cycle
[2026-02-08 16:56:24] Starting codebase scan...
[2026-02-08 16:56:24] Found 76 files to analyze
[2026-02-08 16:56:24] Found 11 duplicate files
[2026-02-08 16:56:24] Found 7 backup files
[2026-02-08 16:56:24] Error: name 'optimizations' is not defined
[2026-02-08 16:57:24] ============================================================
[2026-02-08 16:57:24] Starting optimization cycle
[2026-02-08 16:57:24] Starting codebase scan...
[2026-02-08 16:57:24] Found 76 files to analyze
[2026-02-08 16:57:24] Found 11 duplicate files
[2026-02-08 16:57:24] Found 7 backup files
[2026-02-08 16:57:24] Error: name 'optimizations' is not defined
[2026-02-08 16:58:24] ============================================================
[2026-02-08 16:58:24] Starting optimization cycle
[2026-02-08 16:58:24] Starting codebase scan...
[2026-02-08 16:58:25] Found 76 files to analyze
[2026-02-08 16:58:25] Found 11 duplicate files
[2026-02-08 16:58:25] Found 7 backup files
[2026-02-08 16:58:25] Error: name 'optimizations' is not defined
[2026-02-08 16:59:25] ============================================================
[2026-02-08 16:59:25] Starting optimization cycle
[2026-02-08 16:59:25] Starting codebase scan...
[2026-02-08 16:59:25] Found 76 files to analyze
[2026-02-08 16:59:25] Found 11 duplicate files
[2026-02-08 16:59:25] Found 7 backup files
[2026-02-08 16:59:25] Error: name 'optimizations' is not defined
[2026-02-08 17:00:25] ============================================================
[2026-02-08 17:00:25] Starting optimization cycle
[2026-02-08 17:00:25] Starting codebase scan...
[2026-02-08 17:00:25] Found 76 files to analyze
[2026-02-08 17:00:25] Found 11 duplicate files
[2026-02-08 17:00:25] Found 7 backup files
[2026-02-08 17:00:25] Error: name 'optimizations' is not defined
[2026-02-08 17:01:25] ============================================================
[2026-02-08 17:01:25] Starting optimization cycle
[2026-02-08 17:01:25] Starting codebase scan...
[2026-02-08 17:01:25] Found 76 files to analyze
[2026-02-08 17:01:25] Found 11 duplicate files
[2026-02-08 17:01:25] Found 7 backup files
[2026-02-08 17:01:25] Error: name 'optimizations' is not defined
[2026-02-08 17:02:25] ============================================================
[2026-02-08 17:02:25] Starting optimization cycle
[2026-02-08 17:02:25] Starting codebase scan...
[2026-02-08 17:02:25] Found 76 files to analyze
[2026-02-08 17:02:25] Found 11 duplicate files
[2026-02-08 17:02:25] Found 7 backup files
[2026-02-08 17:02:25] Error: name 'optimizations' is not defined
[2026-02-08 17:03:25] ============================================================
[2026-02-08 17:03:25] Starting optimization cycle
[2026-02-08 17:03:25] Starting codebase scan...
[2026-02-08 17:03:26] Found 76 files to analyze
[2026-02-08 17:03:26] Found 11 duplicate files
[2026-02-08 17:03:26] Found 7 backup files
[2026-02-08 17:03:26] Error: name 'optimizations' is not defined
[2026-02-08 17:04:26] ============================================================
[2026-02-08 17:04:26] Starting optimization cycle
[2026-02-08 17:04:26] Starting codebase scan...
[2026-02-08 17:04:26] Found 76 files to analyze
[2026-02-08 17:04:26] Found 11 duplicate files
[2026-02-08 17:04:26] Found 7 backup files
[2026-02-08 17:04:26] Error: name 'optimizations' is not defined
[2026-02-08 17:05:26] ============================================================
[2026-02-08 17:05:26] Starting optimization cycle
[2026-02-08 17:05:26] Starting codebase scan...
[2026-02-08 17:05:26] Found 76 files to analyze
[2026-02-08 17:05:26] Found 11 duplicate files
[2026-02-08 17:05:26] Found 7 backup files
[2026-02-08 17:05:26] Error: name 'optimizations' is not defined
[2026-02-08 17:06:26] ============================================================
[2026-02-08 17:06:26] Starting optimization cycle
[2026-02-08 17:06:26] Starting codebase scan...
[2026-02-08 17:06:26] Found 76 files to analyze
[2026-02-08 17:06:26] Found 11 duplicate files
[2026-02-08 17:06:26] Found 7 backup files
[2026-02-08 17:06:26] Error: name 'optimizations' is not defined
[2026-02-08 17:07:26] ============================================================
[2026-02-08 17:07:26] Starting optimization cycle
[2026-02-08 17:07:26] Starting codebase scan...
[2026-02-08 17:07:26] Found 76 files to analyze
[2026-02-08 17:07:26] Found 11 duplicate files
[2026-02-08 17:07:26] Found 7 backup files
[2026-02-08 17:07:27] Error: name 'optimizations' is not defined
[2026-02-08 17:08:27] ============================================================
[2026-02-08 17:08:27] Starting optimization cycle
[2026-02-08 17:08:27] Starting codebase scan...
[2026-02-08 17:08:27] Found 76 files to analyze
[2026-02-08 17:08:27] Found 11 duplicate files
[2026-02-08 17:08:27] Found 7 backup files
[2026-02-08 17:08:27] Error: name 'optimizations' is not defined
[2026-02-08 17:09:27] ============================================================
[2026-02-08 17:09:27] Starting optimization cycle
[2026-02-08 17:09:27] Starting codebase scan...
[2026-02-08 17:09:27] Found 76 files to analyze
[2026-02-08 17:09:27] Found 11 duplicate files
[2026-02-08 17:09:27] Found 7 backup files
[2026-02-08 17:09:27] Error: name 'optimizations' is not defined
[2026-02-08 17:10:27] ============================================================
[2026-02-08 17:10:27] Starting optimization cycle
[2026-02-08 17:10:27] Starting codebase scan...
[2026-02-08 17:10:27] Found 76 files to analyze
[2026-02-08 17:10:27] Found 11 duplicate files
[2026-02-08 17:10:27] Found 7 backup files
[2026-02-08 17:10:27] Error: name 'optimizations' is not defined
[2026-02-08 17:11:27] ============================================================
[2026-02-08 17:11:27] Starting optimization cycle
[2026-02-08 17:11:27] Starting codebase scan...
[2026-02-08 17:11:27] Found 76 files to analyze
[2026-02-08 17:11:27] Found 11 duplicate files
[2026-02-08 17:11:27] Found 7 backup files
[2026-02-08 17:11:27] Error: name 'optimizations' is not defined
[2026-02-08 17:12:27] ============================================================
[2026-02-08 17:12:27] Starting optimization cycle
[2026-02-08 17:12:27] Starting codebase scan...
[2026-02-08 17:12:27] Found 76 files to analyze
[2026-02-08 17:12:27] Found 11 duplicate files
[2026-02-08 17:12:27] Found 7 backup files
[2026-02-08 17:12:28] Error: name 'optimizations' is not defined
[2026-02-08 17:13:28] ============================================================
[2026-02-08 17:13:28] Starting optimization cycle
[2026-02-08 17:13:28] Starting codebase scan...
[2026-02-08 17:13:28] Found 76 files to analyze
[2026-02-08 17:13:28] Found 11 duplicate files
[2026-02-08 17:13:28] Found 7 backup files
[2026-02-08 17:13:28] Error: name 'optimizations' is not defined
[2026-02-08 17:14:28] ============================================================
[2026-02-08 17:14:28] Starting optimization cycle
[2026-02-08 17:14:28] Starting codebase scan...
[2026-02-08 17:14:28] Found 76 files to analyze
[2026-02-08 17:14:28] Found 11 duplicate files
[2026-02-08 17:14:28] Found 7 backup files
[2026-02-08 17:14:28] Error: name 'optimizations' is not defined
[2026-02-08 17:15:28] ============================================================
[2026-02-08 17:15:28] Starting optimization cycle
[2026-02-08 17:15:28] Starting codebase scan...
[2026-02-08 17:15:28] Found 76 files to analyze
[2026-02-08 17:15:28] Found 11 duplicate files
[2026-02-08 17:15:28] Found 7 backup files
[2026-02-08 17:15:28] Error: name 'optimizations' is not defined
[2026-02-08 17:16:28] ============================================================
[2026-02-08 17:16:28] Starting optimization cycle
[2026-02-08 17:16:28] Starting codebase scan...
[2026-02-08 17:16:28] Found 76 files to analyze
[2026-02-08 17:16:28] Found 11 duplicate files
[2026-02-08 17:16:28] Found 7 backup files
[2026-02-08 17:16:28] Error: name 'optimizations' is not defined
[2026-02-08 17:17:28] ============================================================
[2026-02-08 17:17:28] Starting optimization cycle
[2026-02-08 17:17:28] Starting codebase scan...
[2026-02-08 17:17:28] Found 76 files to analyze
[2026-02-08 17:17:28] Found 11 duplicate files
[2026-02-08 17:17:28] Found 7 backup files
[2026-02-08 17:17:29] Error: name 'optimizations' is not defined
[2026-02-08 17:18:29] ============================================================
[2026-02-08 17:18:29] Starting optimization cycle
[2026-02-08 17:18:29] Starting codebase scan...
[2026-02-08 17:18:29] Found 76 files to analyze
[2026-02-08 17:18:29] Found 11 duplicate files
[2026-02-08 17:18:29] Found 7 backup files
[2026-02-08 17:18:29] Error: name 'optimizations' is not defined
[2026-02-08 17:19:29] ============================================================
[2026-02-08 17:19:29] Starting optimization cycle
[2026-02-08 17:19:29] Starting codebase scan...
[2026-02-08 17:19:29] Found 76 files to analyze
[2026-02-08 17:19:29] Found 11 duplicate files
[2026-02-08 17:19:29] Found 7 backup files
[2026-02-08 17:19:29] Error: name 'optimizations' is not defined
[2026-02-08 17:20:29] ============================================================
[2026-02-08 17:20:29] Starting optimization cycle
[2026-02-08 17:20:29] Starting codebase scan...
[2026-02-08 17:20:29] Found 76 files to analyze
[2026-02-08 17:20:29] Found 11 duplicate files
[2026-02-08 17:20:29] Found 7 backup files
[2026-02-08 17:20:29] Error: name 'optimizations' is not defined
[2026-02-08 17:21:29] ============================================================
[2026-02-08 17:21:29] Starting optimization cycle
[2026-02-08 17:21:29] Starting codebase scan...
[2026-02-08 17:21:29] Found 76 files to analyze
[2026-02-08 17:21:29] Found 11 duplicate files
[2026-02-08 17:21:29] Found 7 backup files
[2026-02-08 17:21:29] Error: name 'optimizations' is not defined
[2026-02-08 17:22:29] ============================================================
[2026-02-08 17:22:29] Starting optimization cycle
[2026-02-08 17:22:29] Starting codebase scan...
[2026-02-08 17:22:30] Found 76 files to analyze
[2026-02-08 17:22:30] Found 11 duplicate files
[2026-02-08 17:22:30] Found 7 backup files
[2026-02-08 17:22:30] Error: name 'optimizations' is not defined
[2026-02-08 17:23:30] ============================================================
[2026-02-08 17:23:30] Starting optimization cycle
[2026-02-08 17:23:30] Starting codebase scan...
[2026-02-08 17:23:30] Found 76 files to analyze
[2026-02-08 17:23:30] Found 11 duplicate files
[2026-02-08 17:23:30] Found 7 backup files
[2026-02-08 17:23:30] Error: name 'optimizations' is not defined
[2026-02-08 17:24:30] ============================================================
[2026-02-08 17:24:30] Starting optimization cycle
[2026-02-08 17:24:30] Starting codebase scan...
[2026-02-08 17:24:30] Found 76 files to analyze
[2026-02-08 17:24:30] Found 11 duplicate files
[2026-02-08 17:24:30] Found 7 backup files
[2026-02-08 17:24:30] Error: name 'optimizations' is not defined
[2026-02-08 17:25:30] ============================================================
[2026-02-08 17:25:30] Starting optimization cycle
[2026-02-08 17:25:30] Starting codebase scan...
[2026-02-08 17:25:30] Found 76 files to analyze
[2026-02-08 17:25:30] Found 11 duplicate files
[2026-02-08 17:25:30] Found 7 backup files
[2026-02-08 17:25:30] Error: name 'optimizations' is not defined
[2026-02-08 17:26:30] ============================================================
[2026-02-08 17:26:30] Starting optimization cycle
[2026-02-08 17:26:30] Starting codebase scan...
[2026-02-08 17:26:30] Found 76 files to analyze
[2026-02-08 17:26:30] Found 11 duplicate files
[2026-02-08 17:26:30] Found 7 backup files
[2026-02-08 17:26:30] Error: name 'optimizations' is not defined
[2026-02-08 17:27:30] ============================================================
[2026-02-08 17:27:30] Starting optimization cycle
[2026-02-08 17:27:30] Starting codebase scan...
[2026-02-08 17:27:31] Found 76 files to analyze
[2026-02-08 17:27:31] Found 11 duplicate files
[2026-02-08 17:27:31] Found 7 backup files
[2026-02-08 17:27:31] Error: name 'optimizations' is not defined
[2026-02-08 17:28:31] ============================================================
[2026-02-08 17:28:31] Starting optimization cycle
[2026-02-08 17:28:31] Starting codebase scan...
[2026-02-08 17:28:31] Found 76 files to analyze
[2026-02-08 17:28:31] Found 11 duplicate files
[2026-02-08 17:28:31] Found 7 backup files
[2026-02-08 17:28:31] Error: name 'optimizations' is not defined
[2026-02-08 17:29:31] ============================================================
[2026-02-08 17:29:31] Starting optimization cycle
[2026-02-08 17:29:31] Starting codebase scan...
[2026-02-08 17:29:31] Found 76 files to analyze
[2026-02-08 17:29:31] Found 11 duplicate files
[2026-02-08 17:29:31] Found 7 backup files
[2026-02-08 17:29:31] Error: name 'optimizations' is not defined
[2026-02-08 17:30:31] ============================================================
[2026-02-08 17:30:31] Starting optimization cycle
[2026-02-08 17:30:31] Starting codebase scan...
[2026-02-08 17:30:31] Found 76 files to analyze
[2026-02-08 17:30:31] Found 11 duplicate files
[2026-02-08 17:30:31] Found 7 backup files
[2026-02-08 17:30:31] Error: name 'optimizations' is not defined
[2026-02-08 17:31:31] ============================================================
[2026-02-08 17:31:31] Starting optimization cycle
[2026-02-08 17:31:31] Starting codebase scan...
[2026-02-08 17:31:31] Found 76 files to analyze
[2026-02-08 17:31:31] Found 11 duplicate files
[2026-02-08 17:31:31] Found 7 backup files
[2026-02-08 17:31:32] Error: name 'optimizations' is not defined
[2026-02-08 17:32:32] ============================================================
[2026-02-08 17:32:32] Starting optimization cycle
[2026-02-08 17:32:32] Starting codebase scan...
[2026-02-08 17:32:32] Found 76 files to analyze
[2026-02-08 17:32:32] Found 11 duplicate files
[2026-02-08 17:32:32] Found 7 backup files
[2026-02-08 17:32:32] Error: name 'optimizations' is not defined
[2026-02-08 17:33:32] ============================================================
[2026-02-08 17:33:32] Starting optimization cycle
[2026-02-08 17:33:32] Starting codebase scan...
[2026-02-08 17:33:32] Found 68 files to analyze
[2026-02-08 17:33:32] Found 9 duplicate files
[2026-02-08 17:33:32] Found 0 backup files
[2026-02-08 17:33:32] Error: name 'optimizations' is not defined
[2026-02-08 17:34:32] ============================================================
[2026-02-08 17:34:32] Starting optimization cycle
[2026-02-08 17:34:32] Starting codebase scan...
[2026-02-08 17:34:32] Found 68 files to analyze7:34:32] Starting codebase scan...
[2026-02-08 17:34:32] Found 68 files to analyze
[2026-02-08 17:34:32] Found 9 duplicate files
[2026-02-08 17:34:32] Found 0 backup files
[2026-02-08 17:34:32] Error: name 'optimizations' is not defined
[2026-02-08 17:35:32] ============================================================
[2026-02-08 17:35:32] Starting optimization cycle
[2026-02-08 17:35:32] Starting codebase scan...
[2026-02-08 17:35:32] Found 68 files to analyze
[2026-02-08 17:35:32] Found 9 duplicate files
[2026-02-08 17:35:32] Found 0 backup files
[2026-02-08 17:35:32] Error: name 'optimizations' is not defined
[2026-02-08 17:36:32] ============================================================
[2026-02-08 17:36:32] Starting optimization cycle
[2026-02-08 17:36:32] Starting codebase scan...
[2026-02-08 17:36:32] Found 68 files to analyze
[2026-02-08 17:36:32] Found 9 duplicate files
[2026-02-08 17:36:32] Found 0 backup files
[2026-02-08 17:36:32] Error: name 'optimizations' is not defined
[2026-02-08 17:37:32] ============================================================
[2026-02-08 17:37:32] Starting optimization cycle
[2026-02-08 17:37:32] Starting codebase scan...
[2026-02-08 17:37:32] Found 68 files to analyze
[2026-02-08 17:37:32] Found 9 duplicate files
[2026-02-08 17:37:32] Found 0 backup files
[2026-02-08 17:37:33] Error: name 'optimizations' is not defined
[2026-02-08 17:38:33] ============================================================
[2026-02-08 17:38:33] Starting optimization cycle
[2026-02-08 17:38:33] Starting codebase scan...
[2026-02-08 17:38:33] Found 68 files to analyze
[2026-02-08 17:38:33] Found 9 duplicate files
[2026-02-08 17:38:33] Found 0 backup files
[2026-02-08 17:38:33] Error: name 'optimizations' is not defined
[2026-02-08 17:39:33] ============================================================
[2026-02-08 17:39:33] Starting optimization cycle
[2026-02-08 17:39:33] Starting codebase scan...
[2026-02-08 17:39:33] Found 68 files to analyze
[2026-02-08 17:39:33] Found 9 duplicate files
[2026-02-08 17:39:33] Found 0 backup files
[2026-02-08 17:39:33] Error: name 'optimizations' is not defined
[2026-02-08 17:40:33] ============================================================
[2026-02-08 17:40:33] Starting optimization cycle
[2026-02-08 17:40:33] Starting codebase scan...
[2026-02-08 17:40:33] Found 68 files to analyze
[2026-02-08 17:40:33] Found 9 duplicate files
[2026-02-08 17:40:33] Found 0 backup files
[2026-02-08 17:40:33] Error: name 'optimizations' is not defined
[2026-02-08 17:41:33] ============================================================
[2026-02-08 17:41:33] Starting optimization cycle
[2026-02-08 17:41:33] Starting codebase scan...
[2026-02-08 17:41:33] Found 68 files to analyze
[2026-02-08 17:41:33] Found 9 duplicate files
[2026-02-08 17:41:33] Found 0 backup files
[2026-02-08 17:41:33] Error: name 'optimizations' is not defined
[2026-02-08 17:42:33] ============================================================
[2026-02-08 17:42:33] Starting optimization cycle
[2026-02-08 17:42:33] Starting codebase scan...
[2026-02-08 17:42:33] Found 68 files to analyze
[2026-02-08 17:42:33] Found 9 duplicate files
[2026-02-08 17:42:33] Found 0 backup files
[2026-02-08 17:42:33] Error: name 'optimizations' is not defined
